date;time;80x01-02_engine-rpm;80x03_coolant_temp;80x04_ambient_temp;80x05_intake_air_temp;80x06_fuel_temp;80x07_map_kpa;80x08_battery_voltage;80x09_throttle_pot;80x0A_idle_switch;80x0B_aircon;80x0C_park_neutral_switch;80x0F_idle_set_point;80x10_idle_hot;80x12_iac_position;80x13-14_idle_error;80x15_ignition_advance_offset;80x16_ignition_advance;80x17-18_coil_time;80x19_crankshaft_position_sensor;coolant_sensor_fault;air_intake_sensor_fault;fuel_pump_circuit_fault;throttle_pot_fault;0x80_raw;7dx01_ignition_switch;7dx02_throttle_angle;7dx04_air_fuel_ratio;7dx06_lambda_voltage;7dx07_lambda_sensor_frequency;7dx08_lambda_sensor_dutycycle;7dx09_lambda_sensor_status;7dx0A_closed_loop;7dx0B_long_term_fuel_trim;7dx0C_short_term_fuel_trim;7dx0D_carbon_canister_dutycycle;7dx0F_idle_base_pos;7dx12_ignition_advance2;7dx13_idle_speed_offset;7dx1F_jack_count;0x7d_raw
10.12.2023;19:38:50.023;1105;49;13;13;30;35;14. Feb;0.06;0;true;true;0;43;111;128;0;14;Apr 48;16;false;false;false;false;801C045168444455238E030020082080002B886F0008004C08C11033B9;0;0;0;0;0;0;0;false;0;0;0;0;0;0;0;
10.12.2023 00:00;19:38:51;1094;50;13;13;30;34;14. Feb;0.06;0;true;true;0;43;111;128;0;15. Mai;Apr 48;16;false;false;false;false;801C044669444455228E030020082080002B886F0018004F08C11033B9;0;0;0;0;0;0;0;false;0;0;0;0;0;0;0;
10.12.2023 00:00;19:38:53;1109;50;13;13;30;35;14. Feb;0.06;0;true;true;0;43;111;128;0;12. Mai;Apr 48;16;false;false;false;false;801C045569444455238E030020082080002B886F0000004908C11033B9;0;0;0;0;0;0;0;false;0;0;0;0;0;0;0;
10.12.2023 00:00;19:38:54;1092;50;13;13;30;36;14. Feb;0.06;0;true;true;0;43;111;128;0;13. Mai;Apr 48;16;false;false;false;false;801C044469444455248E030020082080002B886F0000004B08C11033B9;0;0;0;0;0;0;0;false;0;0;0;0;0;0;0;
10.12.2023 00:00;19:38:56;1095;50;13;13;30;36;14. Feb;0.06;0;true;true;0;43;111;128;0;12. Mai;Apr 48;16;false;false;false;false;801C044769444455248E030020082080002B886F0004004908C11033B9;0;0;0;0;0;0;0;false;0;0;0;0;0;0;0;
10.12.2023;19:38:58.015;1096;51;13;13;30;34;14. Feb;0.06;0;true;true;0;43;111;128;0;12. Mai;Apr 48;16;false;false;false;false;801C04486A444455228E030020082080002B886F0004004908C11033B9;0;0;0;0;0;0;0;false;0;0;0;0;0;0;0;
10.12.2023 00:00;19:38:59;1106;51;13;13;30;34;14. Feb;0.06;0;true;true;0;43;111;128;0;12. Mai;Apr 48;16;false;false;false;false;801C04526A444455228E030020082080002B886F0000004908C11033B9;0;0;0;0;0;0;0;false;0;0;0;0;0;0;0;
10.12.2023 00:00;19:39:01;1090;52;13;13;30;36;14. Feb;0.06;0;true;true;0;43;111;128;0;14. Mai;Apr 48;16;false;false;false;false;801C04426B444455248E030020082080002B886F0010004D08C11033B9;0;0;0;0;0;0;0;false;0;0;0;0;0;0;0;
10.12.2023 00:00;19:39:02;1098;52;13;13;30;36;14. Feb;0.06;0;true;true;0;43;111;128;0;14;Apr 48;16;false;false;false;false;801C044A6B444455248E030020082080002B886F000C004C08C11033B9;0;0;0;0;0;0;0;false;0;0;0;0;0;0;0;
10.12.2023 00:00;19:39:04;1083;52;13;13;30;37;14. Feb;0.06;0;true;true;0;43;111;128;0;14. Mai;Apr 48;16;false;false;false;false;801C043B6B444455258E030020082080002B886F0008004D08C11033B9;0;0;0;0;0;0;0;false;0;0;0;0;0;0;0;
10.12.2023 00:00;19:39:04;1096;52;13;13;30;34;14. Feb;0.06;0;true;true;0;43;111;128;0;15;Apr 48;16;false;false;false;false;801C04486B444455228E030020082080002B886F0010004E08C11033B9;0;0;0;0;0;0;0;false;0;0;0;0;0;0;0;
10.12.2023 00:00;19:39:06;1061;52;13;13;30;35;14. Feb;0.06;0;true;true;0;43;111;128;0;12;Apr 48;16;false;false;false;false;801C04256B444455238E030020082080002B886F0004004808C11033B9;0;0;0;0;0;0;0;false;0;0;0;0;0;0;0;
10.12.2023;19:39:08.021;1085;52;13;13;30;37;14. Feb;0.06;0;true;true;0;43;111;128;0;12. Mai;Apr 48;16;false;false;false;false;801C043D6B444455258E030020082080002B886F0004004908C11033B9;0;0;0;0;0;0;0;false;0;0;0;0;0;0;0;
10.12.2023 00:00;19:39:09;1083;53;13;13;30;37;14. Feb;0.06;0;true;true;0;43;111;128;0;13. Mai;Apr 48;16;false;false;false;false;801C043B6C444455258E030020082080002B886F0004004B08C11033B9;0;0;0;0;0;0;0;false;0;0;0;0;0;0;0;
10.12.2023;19:39:10.019;1092;53;13;13;30;36;14. Feb;0.06;0;true;true;0;43;111;128;0;12;Apr 48;16;false;false;false;false;801C04446C444455248E030020082080002B886F0004004808C11033B9;0;0;0;0;0;0;0;false;0;0;0;0;0;0;0;
10.12.2023 00:00;19:39:11;1079;53;13;13;30;35;14. Feb;0.06;0;true;true;0;43;111;128;0;14;Apr 48;16;false;false;false;false;801C04376C444455238E030020082080002B886F0004004C08C11033B9;0;0;0;0;0;0;0;false;0;0;0;0;0;0;0;
10.12.2023 00:00;19:39:13;1081;53;13;13;30;35;14. Feb;0.06;0;true;true;0;43;111;128;0;13. Mai;Apr 48;16;false;false;false;false;801C04396C444455238E030020082080002B886F0004004B08C11033B9;0;0;0;0;0;0;0;false;0;0;0;0;0;0;0;
10.12.2023 00:00;19:39:14;1083;53;13;13;30;34;14. Feb;0.06;0;true;true;0;43;111;128;0;12. Mai;Apr 48;16;false;false;false;false;801C043B6C444455228E030020082080002B886F0008004908C11033B9;0;0;0;0;0;0;0;false;0;0;0;0;0;0;0;
10.12.2023 00:00;19:39:15;1075;53;13;13;30;37;14. Feb;0.06;0;true;true;0;43;111;128;0;14. Mai;Apr 48;16;false;false;false;false;801C04336C444455258E030020082080002B886F0008004D08C11033B9;0;0;0;0;0;0;0;false;0;0;0;0;0;0;0;
10.12.2023 00:00;19:39:16;1068;54;13;13;30;36;14. Feb;0.06;0;true;true;0;43;111;128;0;12. Mai;Apr 48;16;false;false;false;false;801C042C6D444455248E030020082080002B886F0004004908C11033B9;0;0;0;0;0;0;0;false;0;0;0;0;0;0;0;
10.12.2023 00:00;19:39:18;1075;54;13;13;30;35;14. Feb;0.06;0;true;true;0;43;111;128;0;12;Apr 48;16;false;false;false;false;801C04336D444455238E030020082080002B886F0008004808C11033B9;0;0;0;0;0;0;0;false;0;0;0;0;0;0;0;
10.12.2023;19:39:20.007;1089;54;13;13;30;35;14. Feb;0.06;0;true;true;0;43;111;128;0;12. Mai;Apr 48;16;false;false;false;false;801C04416D444455238E030020082080002B886F0000004908C11033B9;0;0;0;0;0;0;0;false;0;0;0;0;0;0;0;
10.12.2023 00:00;19:39:20;1101;54;13;13;30;35;14. Feb;0.06;0;true;true;0;43;111;128;0;11. Mai;Apr 48;16;false;false;false;false;801C044D6D444455238E030020082080002B886F0014004708C11033B9;0;0;0;0;0;0;0;false;0;0;0;0;0;0;0;
10.12.2023;19:39:22.021;1075;54;13;13;30;37;14. Feb;0.06;0;true;true;0;43;110;128;0;12. Mai;Apr 48;16;false;false;false;false;801C04336D444455258E030020082080002B886E0004004908C11033B9;0;0;0;0;0;0;0;false;0;0;0;0;0;0;0;
10.12.2023 00:00;19:39:23;1068;54;13;13;30;35;14. Feb;0.06;0;true;true;0;43;110;128;0;14;Apr 48;16;false;false;false;false;801C042C6D444455238E030020082080002B886E0008004C08C11033B9;0;0;0;0;0;0;0;false;0;0;0;0;0;0;0;
10.12.2023 00:00;19:39:25;1065;55;13;13;30;36;14. Feb;0.06;0;true;true;0;43;110;128;0;14. Mai;Apr 48;16;false;false;false;false;801C04296E444455248E030020082080002B886E000C004D08C11033B9;0;0;0;0;0;0;0;false;0;0;0;0;0;0;0;
10.12.2023 00:00;19:39:25;1076;55;13;13;30;36;14. Feb;0.06;0;true;true;0;43;110;128;0;12. Mai;Apr 48;16;false;false;false;false;801C04346E444455248E030020082080002B886E0004004908C11033B9;0;0;0;0;0;0;0;false;0;0;0;0;0;0;0;
10.12.2023 00:00;19:39:27;1085;55;13;13;30;36;14. Feb;0.06;0;true;true;0;43;110;128;0;12;Apr 48;16;false;false;false;false;801C043D6E444455248E030020082080002B886E000C004808C11033B9;0;0;0;0;0;0;0;false;0;0;0;0;0;0;0;
10.12.2023 00:00;19:39:28;1104;56;13;13;30;35;14. Feb;0.06;0;true;true;0;43;110;128;0;12;Apr 48;16;false;false;false;false;801C04506F444455238E030020082080002B886E000C004808C11033B9;0;0;0;0;0;0;0;false;0;0;0;0;0;0;0;
10.12.2023 00:00;19:39:30;1078;56;13;13;30;36;14. Feb;0.06;0;true;true;0;43;110;128;0;12. Mai;Apr 48;16;false;false;false;false;801C04366F444455248E030020082080002B886E0010004908C11033B9;0;0;0;0;0;0;0;false;0;0;0;0;0;0;0;
10.12.2023 00:00;19:39:30;1088;56;13;13;30;34;14. Feb;0.06;0;true;true;0;43;110;128;0;12;Apr 48;16;false;false;false;false;801C04406F444455228E030020082080002B886E0010004808C11033B9;0;0;0;0;0;0;0;false;0;0;0;0;0;0;0;
10.12.2023 00:00;19:39:32;1081;56;13;13;30;36;14. Feb;0.06;0;true;true;0;43;110;128;0;14;Apr 48;16;false;false;false;false;801C04396F444455248E030020082080002B886E0008004C08C11033B9;0;0;0;0;0;0;0;false;0;0;0;0;0;0;0;
10.12.2023;19:39:34.024;1071;57;13;13;30;35;14. Feb;0.06;0;true;true;0;43;110;128;0;12. Mai;Apr 48;16;false;false;false;false;801C042F70444455238E030020082080002B886E0008004908C11033B9;0;0;0;0;0;0;0;false;0;0;0;0;0;0;0;
10.12.2023 00:00;19:39:35;1058;57;13;13;30;37;14. Feb;0.06;0;true;true;0;43;110;128;0;13. Mai;Apr 48;16;false;false;false;false;801C042270444455258E030020082080002B886E0008004B08C11033B9;0;0;0;0;0;0;0;false;0;0;0;0;0;0;0;
10.12.2023;19:39:36.022;1085;57;13;13;30;37;14. Feb;0.06;0;true;true;0;43;110;128;0;12;Apr 48;16;false;false;false;false;801C043D70444455258E030020082080002B886E000C004808C11033B9;0;0;0;0;0;0;0;false;0;0;0;0;0;0;0;
10.12.2023 00:00;19:39:37;1075;57;13;13;30;34;14. Feb;0.06;0;true;true;0;43;110;128;0;12. Mai;Apr 48;16;false;false;false;false;801C043370444455228E030020082080002B886E000C004908C11033B9;0;0;0;0;0;0;0;false;0;0;0;0;0;0;0;
10.12.2023 00:00;19:39:39;1089;57;13;13;30;36;14. Feb;0.06;0;true;true;0;43;110;128;0;12. Mai;Apr 48;16;false;false;false;false;801C044170444455248E030020082080002B886E0004004908C11033B9;0;0;0;0;0;0;0;false;0;0;0;0;0;0;0;
10.12.2023 00:00;19:39:40;1091;57;13;13;30;35;14. Feb;0.06;0;true;true;0;43;110;128;0;12;Apr 48;16;false;false;false;false;801C044370444455238E030020082080002B886E000C004808C11033B9;0;0;0;0;0;0;0;false;0;0;0;0;0;0;0;
10.12.2023 00:00;19:39:41;1098;57;13;13;30;35;14. Feb;0.06;0;true;true;0;43;110;128;0;12;Apr 48;16;false;false;false;false;801C044A70444455238E030020082080002B886E0008004808C11033B9;0;0;0;0;0;0;0;false;0;0;0;0;0;0;0;
10.12.2023 00:00;19:39:42;1073;57;13;13;30;36;14. Feb;0.06;0;true;true;0;43;110;128;0;14;Apr 48;16;false;false;false;false;801C043170444455248E030020082080002B886E0008004C08C11033B9;0;0;0;0;0;0;0;false;0;0;0;0;0;0;0;
10.12.2023 00:00;19:39:44;1078;57;13;13;30;35;14. Feb;0.06;0;true;true;0;43;110;128;0;14;Apr 48;16;false;false;false;false;801C043670444455238E030020082080002B886E0008004C08C11033B9;0;0;0;0;0;0;0;false;0;0;0;0;0;0;0;
10.12.2023;19:39:46.026;1069;58;13;13;30;37;14. Feb;0.06;0;true;true;0;43;110;128;0;12. Mai;Apr 48;16;false;false;false;false;801C042D71444455258E030020082080002B886E0004004908C11033B9;0;0;0;0;0;0;0;false;0;0;0;0;0;0;0;
10.12.2023 00:00;19:39:46;1077;58;13;13;30;35;14. Feb;0.06;0;true;true;0;43;110;128;0;12. Mai;Apr 48;16;false;false;false;false;801C043571444455238E030020082080002B886E0000004908C11033B9;0;0;0;0;0;0;0;false;0;0;0;0;0;0;0;
10.12.2023;19:39:48.040;1072;58;13;13;30;35;14. Feb;0.06;0;true;true;0;43;110;128;0;14;Apr 48;16;false;false;false;false;801C043071444455238E030020082080002B886E0008004C08C11033B9;0;0;0;0;0;0;0;false;0;0;0;0;0;0;0;
10.12.2023 00:00;19:39:49;1091;58;13;13;30;36;14. Feb;0.06;0;true;true;0;43;110;128;0;12. Mai;Apr 48;16;false;false;false;false;801C044371444455248E030020082080002B886E0004004908C11033B9;0;0;0;0;0;0;0;false;0;0;0;0;0;0;0;
10.12.2023 00:00;19:39:51;1075;59;13;13;30;36;14. Feb;0.06;0;true;true;0;43;110;128;0;13. Mai;Apr 48;16;false;false;false;false;801C043372444455248E030020082080002B886E0000004B08C11033B9;0;0;0;0;0;0;0;false;0;0;0;0;0;0;0;
10.12.2023 00:00;19:39:51;1085;59;13;13;30;35;14. Feb;0.06;0;true;true;0;43;110;128;0;12;Apr 48;16;false;false;false;false;801C043D72444455238E030020082080002B886E0010004808C11033B9;0;0;0;0;0;0;0;false;0;0;0;0;0;0;0;
10.12.2023 00:00;19:39:53;1085;59;13;13;30;36;14. Feb;0.06;0;true;true;0;43;110;128;0;12. Mai;Apr 48;16;false;false;false;false;801C043D72444455248E030020082080002B886E0008004908C11033B9;0;0;0;0;0;0;0;false;0;0;0;0;0;0;0;
10.12.2023 00:00;19:39:54;1078;59;13;13;30;36;14. Feb;0.06;0;true;true;0;43;110;128;0;14;Apr 48;16;false;false;false;false;801C043672444455248E030020082080002B886E0008004C08C11033B9;0;0;0;0;0;0;0;false;0;0;0;0;0;0;0;
10.12.2023 00:00;19:39:56;1052;59;13;13;30;35;14. Feb;0.06;0;true;true;0;43;109;128;0;12. Mai;Apr 48;16;false;false;false;false;801C041C72444455238E030020082080002B886D0004004908C11033B9;0;0;0;0;0;0;0;false;0;0;0;0;0;0;0;
10.12.2023 00:00;19:39:56;1070;59;13;13;30;35;14. Feb;0.06;0;true;true;0;43;109;128;0;13. Mai;Apr 48;16;false;false;false;false;801C042E72444455238E030020082080002B886D0000004B08C11033B9;0;0;0;0;0;0;0;false;0;0;0;0;0;0;0;
10.12.2023 00:00;19:39:58;1046;59;14;13;30;35;14. Feb;0.06;0;true;true;0;43;109;128;0;12. Mai;Apr 48;16;false;false;false;false;801C041672454455238E030020082080002B886D0004004908C11033B9;0;0;0;0;0;0;0;false;0;0;0;0;0;0;0;
10.12.2023;19:40:00.026;1064;60;14;13;30;36;14. Feb;0.06;0;true;true;0;43;109;128;0;12. Mai;Apr 48;16;false;false;false;false;801C042873454455248E030020082080002B886D0004004908C11033B9;0;0;0;0;0;0;0;false;0;0;0;0;0;0;0;
10.12.2023 00:00;19:40:01;1058;60;14;13;30;35;14. Feb;0.06;0;true;true;0;43;109;128;0;12. Mai;Apr 48;16;false;false;false;false;801C042273454455238E030020082080002B886D000C004908C11033B9;0;0;0;0;0;0;0;false;0;0;0;0;0;0;0;
10.12.2023;19:40:02.024;1068;60;14;13;30;37;14. Feb;0.06;0;true;true;0;43;109;128;0;13. Mai;Apr 48;16;false;false;false;false;801C042C73454455258E030020082080002B886D0004004B08C11033B9;0;0;0;0;0;0;0;false;0;0;0;0;0;0;0;
10.12.2023 00:00;19:40:03;1052;60;14;13;30;35;14. Feb;0.06;0;true;true;0;43;108;128;0;13. Mai;Apr 48;16;false;false;false;false;801C041C73454455238E030020082080002B886C0004004B08C11033B9;0;0;0;0;0;0;0;false;0;0;0;0;0;0;0;
10.12.2023 00:00;19:40:05;1060;61;14;13;30;35;14. Feb;0.06;0;true;true;0;43;108;128;0;12;Apr 48;16;false;false;false;false;801C042474454455238E030020082080002B886C000C004808C11033B9;0;0;0;0;0;0;0;false;0;0;0;0;0;0;0;
10.12.2023 00:00;19:40:06;1061;61;14;13;30;36;14. Feb;0.06;0;true;true;0;43;108;128;0;12. Mai;Apr 48;16;false;false;false;false;801C042574454455248E030020082080002B886C0008004908C11033B9;0;0;0;0;0;0;0;false;0;0;0;0;0;0;0;
10.12.2023 00:00;19:40:07;1056;61;14;13;30;35;14. Feb;0.06;0;true;true;0;43;108;128;0;12;Apr 48;16;false;false;false;false;801C042074454455238E030020082080002B886C0010004808C11033B9;0;0;0;0;0;0;0;false;0;0;0;0;0;0;0;
10.12.2023 00:00;19:40:08;1050;61;14;13;30;35;14. Feb;0.06;0;true;true;0;43;108;128;0;12. Mai;Apr 48;16;false;false;false;false;801C041A74454455238E030020082080002B886C000C004908C11033B9;0;0;0;0;0;0;0;false;0;0;0;0;0;0;0;
10.12.2023 00:00;19:40:10;1065;61;14;13;30;35;14. Feb;0.06;0;true;true;0;43;108;128;0;11;Apr 48;16;false;false;false;false;801C042974454455238E030020082080002B886C0018004608C11033B9;0;0;0;0;0;0;0;false;0;0;0;0;0;0;0;
10.12.2023;19:40:12.013;1036;61;14;13;30;36;14. Feb;0.06;0;true;true;0;43;108;128;0;12. Mai;Apr 48;16;false;false;false;false;801C040C74454455248E030020082080002B886C0004004908C11033B9;0;0;0;0;0;0;0;false;0;0;0;0;0;0;0;
10.12.2023 00:00;19:40:12;1062;61;14;13;30;35;14. Feb;0.06;0;true;true;0;43;108;128;0;13. Mai;Apr 48;16;false;false;false;false;801C042674454455238E030020082080002B886C0004004B08C11033B9;0;0;0;0;0;0;0;false;0;0;0;0;0;0;0;
10.12.2023;19:40:14.011;1066;61;14;13;30;36;14. Feb;0.06;0;true;true;0;43;108;128;0;12;Apr 48;16;false;false;false;false;801C042A74454455248E030020082080002B886C0010004808C11033B9;0;0;0;0;0;0;0;false;0;0;0;0;0;0;0;
10.12.2023 00:00;19:40:15;1043;61;14;13;30;37;14. Feb;0.06;0;true;true;0;43;108;128;0;12. Mai;Apr 48;16;false;false;false;false;801C041374454455258E030020082080002B886C0000004908C11033B9;0;0;0;0;0;0;0;false;0;0;0;0;0;0;0;
10.12.2023 00:00;19:40:17;1048;61;14;13;30;37;14. Feb;0.06;0;true;true;0;43;108;128;0;12;Apr 48;16;false;false;false;false;801C041874454455258E030020082080002B886C0008004808C11033B9;0;0;0;0;0;0;0;false;0;0;0;0;0;0;0;
10.12.2023 00:00;19:40:17;1078;61;14;13;30;34;14. Feb;0.06;0;true;true;0;43;108;128;0;12. Mai;Apr 48;16;false;false;false;false;801C043674454455228E030020082080002B886C0004004908C11033B9;0;0;0;0;0;0;0;false;0;0;0;0;0;0;0;
10.12.2023 00:00;19:40:19;1076;62;14;13;30;36;14. Feb;0.06;0;true;true;0;43;108;128;0;12. Mai;Apr 48;16;false;false;false;false;801C043475454455248E030020082080002B886C0008004908C11033B9;0;0;0;0;0;0;0;false;0;0;0;0;0;0;0;
10.12.2023 00:00;19:40:20;1050;63;14;13;30;37;14. Feb;0.06;0;true;true;0;43;108;128;0;11. Mai;Apr 48;16;false;false;false;false;801C041A76454455258E030020082080002B886C0010004708C11033B9;0;0;0;0;0;0;0;false;0;0;0;0;0;0;0;
10.12.2023 00:00;19:40:22;1037;63;14;13;30;34;14. Feb;0.06;0;true;true;0;43;107;128;0;12;Apr 48;16;false;false;false;false;801C040D76454455228E030020082080002B886B0008004808C11033B9;0;0;0;0;0;0;0;false;0;0;0;0;0;0;0;
10.12.2023 00:00;19:40:22;1047;63;14;13;30;34;14. Feb;0.06;0;true;true;0;43;107;128;0;12. Mai;Apr 48;16;false;false;false;false;801C041776454455228E030020082080002B886B0000004908C11033B9;0;0;0;0;0;0;0;false;0;0;0;0;0;0;0;
10.12.2023 00:00;19:40:24;1049;63;14;13;30;35;14. Feb;0.06;0;true;true;0;43;107;128;0;14;Apr 48;16;false;false;false;false;801C041976454455238E030020082080002B886B0008004C08C11033B9;0;0;0;0;0;0;0;false;0;0;0;0;0;0;0;
10.12.2023;19:40:26.014;1052;64;14;13;30;34;14. Feb;0.06;0;true;true;0;43;107;128;0;12. Mai;Apr 48;16;false;false;false;false;801C041C77454455228E030020082080002B886B0004004908C11033B9;0;0;0;0;0;0;0;false;0;0;0;0;0;0;0;
10.12.2023 00:00;19:40:27;1060;64;14;13;30;35;14. Feb;0.06;0;true;true;0;43;107;128;0;12. Mai;Apr 48;16;false;false;false;false;801C042477454455238E030020082080002B886B0004004908C11033B9;0;0;0;0;0;0;0;false;0;0;0;0;0;0;0;
10.12.2023;19:40:28.028;1049;64;14;13;30;36;14. Feb;0.06;0;true;true;0;43;107;128;0;12. Mai;Apr 48;16;false;false;false;false;801C041977454455248E030020082080002B886B0004004908C11033B9;0;0;0;0;0;0;0;false;0;0;0;0;0;0;0;
10.12.2023 00:00;19:40:29;1057;64;14;13;30;36;14. Feb;0.06;0;true;true;0;43;107;128;0;13. Mai;Apr 48;16;false;false;false;false;801C042177454455248E030020082080002B886B000C004B08C11033B9;0;0;0;0;0;0;0;false;0;0;0;0;0;0;0;
10.12.2023 00:00;19:40:31;1048;64;14;13;30;34;14. Feb;0.06;0;true;true;0;43;106;128;0;12. Mai;Apr 48;16;false;false;false;false;801C041877454455228E030020082080002B886A0010004908C11033B9;0;0;0;0;0;0;0;false;0;0;0;0;0;0;0;
10.12.2023 00:00;19:40:32;1063;64;14;13;30;35;14. Feb;0.06;0;true;true;0;43;105;128;0;12;Apr 48;16;false;false;false;false;801C042777454455238E030020082080002B8869001C004808C11033B9;0;0;0;0;0;0;0;false;0;0;0;0;0;0;0;
10.12.2023 00:00;19:40:33;1044;64;14;13;30;34;14. Feb;0.06;0;true;true;0;43;105;128;0;14;Apr 48;16;false;false;false;false;801C041477454455228E030020082080002B88690008004C08C11033B9;0;0;0;0;0;0;0;false;0;0;0;0;0;0;0;
10.12.2023 00:00;19:40:34;1042;64;14;13;30;34;14. Feb;0.06;0;true;true;0;43;105;128;0;12. Mai;Apr 48;16;false;false;false;false;801C041277454455228E030020082080002B88690000004908C11033B9;0;0;0;0;0;0;0;false;0;0;0;0;0;0;0;
10.12.2023 00:00;19:40:36;1040;65;14;13;30;35;14. Feb;0.06;0;true;true;0;43;105;128;0;12;Apr 48;16;false;false;false;false;801C041078454455238E030020082080002B88690018004808C11033B9;0;0;0;0;0;0;0;false;0;0;0;0;0;0;0;
10.12.2023;19:40:38.034;1039;65;14;13;30;36;14. Feb;0.06;0;true;true;0;43;105;128;0;11. Mai;Apr 48;16;false;false;false;false;801C040F78454455248E030020082080002B8869000C004708C11033B9;0;0;0;0;0;0;0;false;0;0;0;0;0;0;0;
10.12.2023 00:00;19:40:38;1018;65;14;13;30;34;14. Feb;0.06;0;true;true;0;43;105;128;0;11. Mai;Apr 48;16;false;false;false;false;801C03FA78454455228E030020082080002B88690010004708C11033B9;0;0;0;0;0;0;0;false;0;0;0;0;0;0;0;
10.12.2023;19:40:40.032;1033;65;14;13;30;36;14. Feb;0.06;0;true;true;0;43;105;128;0;12;Apr 48;16;false;false;false;false;801C040978454455248E030020082080002B88690008004808C11033B9;0;0;0;0;0;0;0;false;0;0;0;0;0;0;0;
10.12.2023 00:00;19:40:41;1038;66;14;13;30;35;14. Feb;0.06;0;true;true;0;43;105;128;0;12. Mai;Apr 48;16;false;false;false;false;801C040E79454455238E030020082080002B88690008004908C11033B9;0;0;0;0;0;0;0;false;0;0;0;0;0;0;0;
10.12.2023 00:00;19:40:43;1019;66;14;13;30;34;14. Feb;0.06;0;true;true;0;43;105;128;0;12;Apr 48;16;false;false;false;false;801C03FB79454455228E030020082080002B8869000C004808C11033B9;0;0;0;0;0;0;0;false;0;0;0;0;0;0;0;
10.12.2023 00:00;19:40:43;1030;66;14;13;30;35;14. Feb;0.06;0;true;true;0;43;105;128;0;12. Mai;Apr 48;16;false;false;false;false;801C040679454455238E030020082080002B88690008004908C11033B9;0;0;0;0;0;0;0;false;0;0;0;0;0;0;0;
10.12.2023 00:00;19:40:45;1038;66;14;13;30;34;14. Feb;0.06;0;true;true;0;43;105;128;0;12. Mai;Apr 48;16;false;false;false;false;801C040E79454455228E030020082080002B88690004004908C11033B9;0;0;0;0;0;0;0;false;0;0;0;0;0;0;0;
10.12.2023 00:00;19:40:46;1028;66;14;13;30;35;14. Feb;0.06;0;true;true;0;43;105;128;0;11;Apr 48;16;false;false;false;false;801C040479454455238E030020082080002B88690010004608C11033B9;0;0;0;0;0;0;0;false;0;0;0;0;0;0;0;
10.12.2023 00:00;19:40:48;1010;67;14;13;30;37;14. Feb;0.06;0;true;true;0;43;105;128;0;12. Mai;Apr 48;16;false;false;false;false;801C03F27A454455258E030020082080002B88690010004908C11033B9;0;0;0;0;0;0;0;false;0;0;0;0;0;0;0;
10.12.2023 00:00;19:40:48;1030;67;14;13;30;36;14. Feb;0.06;0;true;true;0;43;105;128;0;13. Mai;Apr 48;16;false;false;false;false;801C04067A454455248E030020082080002B88690004004B08C11033B9;0;0;0;0;0;0;0;false;0;0;0;0;0;0;0;
10.12.2023 00:00;19:40:50;1028;67;14;13;30;36;14. Feb;0.06;0;true;true;0;43;105;128;0;15;Apr 48;16;false;false;false;false;801C04047A454455248E030020082080002B88690010004E08C11033B9;0;0;0;0;0;0;0;false;0;0;0;0;0;0;0;
10.12.2023;19:40:52.020;1022;67;14;13;30;36;14. Feb;0.06;0;true;true;0;43;105;128;0;12. Mai;Apr 48;16;false;false;false;false;801C03FE7A454455248E030020082080002B88690004004908C11033B9;0;0;0;0;0;0;0;false;0;0;0;0;0;0;0;
10.12.2023 00:00;19:40:53;1028;68;14;13;30;34;14. Feb;0.06;0;true;true;0;43;105;128;0;12;Apr 48;16;false;false;false;false;801C04047B454455228E030020082080002B8869000C004808C11033B9;0;0;0;0;0;0;0;false;0;0;0;0;0;0;0;
10.12.2023;19:40:54.018;1022;68;14;13;30;35;14. Feb;0.06;0;true;true;0;43;105;128;0;12. Mai;Apr 48;16;false;false;false;false;801C03FE7B454455238E030020082080002B88690008004908C11033B9;0;0;0;0;0;0;0;false;0;0;0;0;0;0;0;
10.12.2023 00:00;19:40:55;1040;68;14;13;30;34;14. Feb;0.06;0;true;true;0;43;105;128;0;12. Mai;Apr 48;16;false;false;false;false;801C04107B454455228E030020082080002B88690000004908C11033B9;0;0;0;0;0;0;0;false;0;0;0;0;0;0;0;
10.12.2023 00:00;19:40:57;1023;68;14;13;30;36;14. Feb;0.06;0;true;true;0;43;105;128;0;14. Mai;Apr 48;16;false;false;false;false;801C03FF7B454455248E030020082080002B88690008004D08C11033B9;0;0;0;0;0;0;0;false;0;0;0;0;0;0;0;
10.12.2023 00:00;19:40:58;1014;68;14;13;30;36;14. Feb;0.06;0;true;true;0;43;105;128;0;12. Mai;Apr 48;16;false;false;false;false;801C03F67B454455248E030020082080002B88690000004908C11033B9;0;0;0;0;0;0;0;false;0;0;0;0;0;0;0;
10.12.2023 00:00;19:40:59;1030;68;14;13;30;36;14. Feb;0.06;0;true;true;0;43;105;128;0;12. Mai;Apr 48;16;false;false;false;false;801C04067B454455248E030020082080002B88690004004908C11033B9;0;0;0;0;0;0;0;false;0;0;0;0;0;0;0;
10.12.2023 00:00;19:41:00;1017;68;14;13;30;35;14. Feb;0.06;0;true;true;0;43;105;128;0;12. Mai;Apr 48;16;false;false;false;false;801C03F97B454455238E030020082080002B8869000C004908C11033B9;0;0;0;0;0;0;0;false;0;0;0;0;0;0;0;
10.12.2023 00:00;19:41:02;1014;68;14;13;30;34;14. Feb;0.06;0;true;true;0;43;104;128;0;12. Mai;Apr 48;16;false;false;false;false;801C03F67B454455228E030020082080002B88680000004908C11033B9;0;0;0;0;0;0;0;false;0;0;0;0;0;0;0;
10.12.2023;19:41:04.024;1025;68;14;13;30;36;14. Feb;0.06;0;true;true;0;43;104;128;0;12;Apr 48;16;false;false;false;false;801C04017B454455248E030020082080002B8868000C004808C11033B9;0;0;0;0;0;0;0;false;0;0;0;0;0;0;0;
10.12.2023 00:00;19:41:04;1024;68;14;13;30;35;14. Feb;0.06;0;true;true;0;43;104;128;0;12. Mai;Apr 48;16;false;false;false;false;801C04007B454455238E030020082080002B88680000004908C11033B9;0;0;0;0;0;0;0;false;0;0;0;0;0;0;0;
10.12.2023;19:41:06.023;1003;68;14;13;30;35;14. Feb;0.06;0;true;true;0;43;104;128;0;12;Apr 48;16;false;false;false;false;801C03EB7B454455238E030020082080002B88680004004808C11033B9;0;0;0;0;0;0;0;false;0;0;0;0;0;0;0;
10.12.2023 00:00;19:41:07;996;69;14;13;30;36;14. Feb;0.06;0;true;true;0;43;104;128;0;12;Apr 48;16;false;false;false;false;801C03E47C454455248E030020082080002B8868000C004808C11033B9;0;0;0;0;0;0;0;false;0;0;0;0;0;0;0;
10.12.2023 00:00;19:41:09;994;69;14;13;30;35;14. Feb;0.06;0;true;true;0;43;104;128;0;12. Mai;Apr 48;16;false;false;false;false;801C03E27C454455238E030020082080002B8868000C004908C11033B9;0;0;0;0;0;0;0;false;0;0;0;0;0;0;0;
10.12.2023 00:00;19:41:09;1007;69;14;13;30;36;14. Feb;0.06;0;true;true;0;43;104;128;0;14;Apr 48;16;false;false;false;false;801C03EF7C454455248E030020082080002B88680004004C08C11033B9;0;0;0;0;0;0;0;false;0;0;0;0;0;0;0;
10.12.2023 00:00;19:41:11;1008;69;14;13;30;35;14. Feb;0.06;0;true;true;0;43;104;128;0;12. Mai;Apr 48;16;false;false;false;false;801C03F07C454455238E030020082080002B88680004004908C11033B9;0;0;0;0;0;0;0;false;0;0;0;0;0;0;0;
10.12.2023 00:00;19:41:12;1004;69;14;13;30;35;14. Feb;0.06;0;true;true;0;43;104;128;0;11;Apr 48;16;false;false;false;false;801C03EC7C454455238E030020082080002B88680018004608C11033B9;0;0;0;0;0;0;0;false;0;0;0;0;0;0;0;
10.12.2023 00:00;19:41:14;1015;70;14;13;30;35;14. Feb;0.06;0;true;true;0;43;104;128;0;10. Mai;Apr 48;16;false;false;false;false;801C03F77D454455238E030020082080002B8868001C004508C11033B9;0;0;0;0;0;0;0;false;0;0;0;0;0;0;0;
10.12.2023 00:00;19:41:14;1006;70;14;13;30;36;14. Feb;0.06;0;true;true;0;43;104;128;0;11;Apr 48;16;false;false;false;false;801C03EE7D454455248E030020082080002B88680018004608C11033B9;0;0;0;0;0;0;0;false;0;0;0;0;0;0;0;
10.12.2023 00:00;19:41:16;998;70;14;13;30;36;14. Feb;0.06;0;true;true;0;43;103;128;0;12. Mai;Apr 48;16;false;false;false;false;801C03E67D454455248E030020082080002B88670000004908C11033B9;0;0;0;0;0;0;0;false;0;0;0;0;0;0;0;
10.12.2023;19:41:18.027;997;70;14;13;30;34;14. Feb;0.06;0;true;true;0;43;103;128;0;12. Mai;Apr 48;16;false;false;false;false;801C03E57D454455228E030020082080002B88670004004908C11033B9;0;0;0;0;0;0;0;false;0;0;0;0;0;0;0;
10.12.2023 00:00;19:41:19;1003;70;14;13;30;35;14. Feb;0.06;0;true;true;0;43;103;128;0;12. Mai;Apr 48;16;false;false;false;false;801C03EB7D454455238E030020082080002B88670004004908C11033B9;0;0;0;0;0;0;0;false;0;0;0;0;0;0;0;
10.12.2023;19:41:20.024;1019;70;14;13;30;34;14. Feb;0.06;0;true;true;0;43;103;128;0;12;Apr 48;16;false;false;false;false;801C03FB7D454455228E030020082080002B88670010004808C11033B9;0;0;0;0;0;0;0;false;0;0;0;0;0;0;0;
10.12.2023 00:00;19:41:21;1019;71;14;13;30;36;14. Feb;0.06;0;true;true;0;43;103;128;0;12. Mai;Apr 48;16;false;false;false;false;801C03FB7E454455248E030020082080002B88670004004908C11033B9;0;0;0;0;0;0;0;false;0;0;0;0;0;0;0;
10.12.2023 00:00;19:41:23;996;71;14;13;30;37;14. Feb;0.06;0;true;true;0;43;103;128;0;14;Apr 48;16;false;false;false;false;801C03E47E454455258E030020082080002B88670008004C08C11033B9;0;0;0;0;0;0;0;false;0;0;0;0;0;0;0;
10.12.2023 00:00;19:41:24;1003;71;14;13;30;34;14. Feb;0.06;0;true;true;0;43;103;128;0;14. Mai;Apr 48;16;false;false;false;false;801C03EB7E454455228E030020082080002B8867000C004D08C11033B9;0;0;0;0;0;0;0;false;0;0;0;0;0;0;0;
10.12.2023 00:00;19:41:25;1023;71;14;13;30;35;14. Feb;0.06;0;true;true;0;43;103;128;0;12. Mai;Apr 48;16;false;false;false;false;801C03FF7E454455238E030020082080002B8867000C004908C11033B9;0;0;0;0;0;0;0;false;0;0;0;0;0;0;0;
10.12.2023 00:00;19:41:26;1007;71;14;13;30;35;14. Feb;0.06;0;true;true;0;43;103;128;0;12;Apr 48;16;false;false;false;false;801C03EF7E454455238E030020082080002B8867000C004808C11033B9;0;0;0;0;0;0;0;false;0;0;0;0;0;0;0;
10.12.2023 00:00;19:41:28;1000;71;14;13;30;34;14. Feb;0.06;0;true;true;0;43;103;128;0;12;Apr 48;16;false;false;false;false;801C03E87E454455228E030020082080002B8867000C004808C11033B9;0;0;0;0;0;0;0;false;0;0;0;0;0;0;0;
10.12.2023;19:41:30.013;1003;72;14;13;30;34;14. Feb;0.06;0;true;true;0;43;103;128;0;12;Apr 48;16;false;false;false;false;801C03EB7F454455228E030020082080002B88670010004808C11033B9;0;0;0;0;0;0;0;false;0;0;0;0;0;0;0;
10.12.2023 00:00;19:41:30;1022;72;14;13;30;36;14. Feb;0.06;0;true;true;0;43;103;128;0;12. Mai;Apr 48;16;false;false;false;false;801C03FE7F454455248E030020082080002B88670004004908C11033B9;0;0;0;0;0;0;0;false;0;0;0;0;0;0;0;
10.12.2023;19:41:32.027;986;72;14;13;30;36;14. Feb;0.06;0;true;true;0;43;103;128;0;13. Mai;Apr 48;16;false;false;false;false;801C03DA7F454455248E030020082080002B88670004004B08C11033B9;0;0;0;0;0;0;0;false;0;0;0;0;0;0;0;
10.12.2023 00:00;19:41:33;1005;72;14;13;30;35;14. Feb;0.06;0;true;true;0;43;103;128;0;14;Apr 48;16;false;false;false;false;801C03ED7F454455238E030020082080002B88670008004C08C11033B9;0;0;0;0;0;0;0;false;0;0;0;0;0;0;0;
10.12.2023 00:00;19:41:35;1019;72;14;13;30;35;14. Feb;0.06;0;true;true;0;43;103;128;0;12. Mai;Apr 48;16;false;false;false;false;801C03FB7F454455238E030020082080002B88670004004908C11033B9;0;0;0;0;0;0;0;false;0;0;0;0;0;0;0;
10.12.2023 00:00;19:41:35;1000;72;14;13;30;36;14. Feb;0.06;0;true;true;0;43;103;128;0;14;Apr 48;16;false;false;false;false;801C03E87F454455248E030020082080002B8867000C004C08C11033B9;0;0;0;0;0;0;0;false;0;0;0;0;0;0;0;
10.12.2023 00:00;19:41:37;990;73;14;13;30;35;14. Feb;0.06;0;true;true;0;43;102;128;0;12. Mai;Apr 48;16;false;false;false;false;801C03DE80454455238E030020082080002B88660004004908C11033B9;0;0;0;0;0;0;0;false;0;0;0;0;0;0;0;
10.12.2023 00:00;19:41:38;992;73;14;13;30;36;14. Feb;0.06;0;true;true;0;43;102;128;0;12. Mai;Apr 48;16;false;false;false;false;801C03E080454455248E030020082080002B8866000C004908C11033B9;0;0;0;0;0;0;0;false;0;0;0;0;0;0;0;
10.12.2023 00:00;19:41:40;1003;73;14;13;30;35;14. Feb;0.06;0;true;true;0;43;102;128;0;12. Mai;Apr 48;16;false;false;false;false;801C03EB80454455238E030020082080002B88660004004908C11033B9;0;0;0;0;0;0;0;false;0;0;0;0;0;0;0;
10.12.2023 00:00;19:41:40;980;73;14;13;30;34;14. Feb;0.06;0;true;true;0;43;102;128;0;10. Mai;Apr 48;16;false;false;false;false;801C03D480454455228E030020082080002B8866001C004508C11033B9;0;0;0;0;0;0;0;false;0;0;0;0;0;0;0;
10.12.2023 00:00;19:41:42;994;73;14;13;30;34;14. Feb;0.06;0;true;true;0;43;100;128;0;12;Apr 48;16;false;false;false;false;801C03E280454455228E030020082080002B88640008004808C11033B9;0;0;0;0;0;0;0;false;0;0;0;0;0;0;0;
10.12.2023;19:41:44.013;958;73;14;13;30;35;14. Feb;0.06;0;true;true;0;43;100;128;0;12. Mai;Apr 48;16;false;false;false;false;801C03BE80454455238E030020082080002B88640000004908C11033B9;0;0;0;0;0;0;0;false;0;0;0;0;0;0;0;
10.12.2023 00:00;19:41:45;983;73;14;13;30;34;14. Feb;0.06;0;true;true;0;43;100;128;0;15;Apr 48;16;false;false;false;false;801C03D780454455228E030020082080002B88640010004E08C11033B9;0;0;0;0;0;0;0;false;0;0;0;0;0;0;0;
10.12.2023;19:41:46.027;979;73;14;13;30;36;14. Feb;0.06;0;true;true;0;43;100;128;0;12;Apr 48;16;false;false;false;false;801C03D380454455248E030020082080002B88640000004808C11033B9;0;0;0;0;0;0;0;false;0;0;0;0;0;0;0;
10.12.2023 00:00;19:41:47;975;73;14;13;30;36;14. Feb;0.06;0;true;true;0;43;100;128;0;12;Apr 48;16;false;false;false;false;801C03CF80454455248E030020082080002B8864000C004808C11033B9;0;0;0;0;0;0;0;false;0;0;0;0;0;0;0;
10.12.2023 00:00;19:41:49;970;73;14;13;30;36;14. Feb;0.06;0;true;true;0;43;100;128;0;14. Mai;Apr 48;16;false;false;false;false;801C03CA80454455248E030020082080002B88640004004D08C11033B9;0;0;0;0;0;0;0;false;0;0;0;0;0;0;0;
10.12.2023 00:00;19:41:50;985;73;14;13;30;34;14. Feb;0.06;0;true;true;0;43;100;128;0;12. Mai;Apr 48;16;false;false;false;false;801C03D980454455228E030020082080002B88640004004908C11033B9;0;0;0;0;0;0;0;false;0;0;0;0;0;0;0;
10.12.2023 00:00;19:41:51;984;73;14;13;30;35;14. Feb;0.06;0;true;true;0;43;100;128;0;14. Mai;Apr 48;16;false;false;false;false;801C03D880454455238E030020082080002B8864000C004D08C11033B9;0;0;0;0;0;0;0;false;0;0;0;0;0;0;0;
10.12.2023 00:00;19:41:52;981;74;14;13;30;35;14. Feb;0.06;0;true;true;0;43;100;128;0;11. Mai;Apr 48;16;false;false;false;false;801C03D581454455238E030020082080002B8864000C004708C11033B9;0;0;0;0;0;0;0;false;0;0;0;0;0;0;0;
10.12.2023 00:00;19:41:54;975;74;14;13;30;36;14. Feb;0.06;0;true;true;0;43;100;128;0;11. Mai;Apr 48;16;false;false;false;false;801C03CF81454455248E030020082080002B88640014004708C11033B9;0;0;0;0;0;0;0;false;0;0;0;0;0;0;0;
10.12.2023;19:41:56.015;979;74;14;13;30;34;14. Feb;0.06;0;true;true;0;43;100;128;0;15. Mai;Apr 48;16;false;false;false;false;801C03D381454455228E030020082080002B88640014004F08C11033B9;0;0;0;0;0;0;0;false;0;0;0;0;0;0;0;
10.12.2023 00:00;19:41:56;974;74;14;13;30;34;14. Feb;0.06;0;true;true;0;43;100;128;0;14;Apr 48;16;false;false;false;false;801C03CE81454455228E030020082080002B88640000004C08C11033B9;0;0;0;0;0;0;0;false;0;0;0;0;0;0;0;
10.12.2023;19:41:58.029;963;74;14;13;30;36;14. Feb;0.06;0;true;true;0;43;100;128;0;12. Mai;Apr 48;16;false;false;false;false;801C03C381454455248E030020082080002B88640008004908C11033B9;0;0;0;0;0;0;0;false;0;0;0;0;0;0;0;
10.12.2023 00:00;19:41:59;965;74;14;13;30;36;14. Feb;0.06;0;true;true;0;43;100;128;0;13. Mai;Apr 48;16;false;false;false;false;801C03C581454455248E030020082080002B88640000004B08C11033B9;0;0;0;0;0;0;0;false;0;0;0;0;0;0;0;
10.12.2023 00:00;19:42:01;983;75;14;13;30;35;14. Feb;0.06;0;true;true;0;43;100;128;0;14. Mai;Apr 48;16;false;false;false;false;801C03D782454455238E030020082080002B88640008004D08C11033B9;0;0;0;0;0;0;0;false;0;0;0;0;0;0;0;
10.12.2023 00:00;19:42:01;966;75;14;13;30;34;14. Feb;0.06;0;true;true;0;43;100;128;0;14. Mai;Apr 48;16;false;false;false;false;801C03C682454455228E030020082080002B8864000C004D08C11033B9;0;0;0;0;0;0;0;false;0;0;0;0;0;0;0;
10.12.2023 00:00;19:42:03;961;75;14;13;30;36;14. Feb;0.06;0;true;true;0;43;100;128;0;17;Apr 48;16;false;false;false;false;801C03C182454455248E030020082080002B88640014005208C11033B9;0;0;0;0;0;0;0;false;0;0;0;0;0;0;0;
10.12.2023 00:00;19:42:04;975;75;14;13;30;36;14. Feb;0.06;0;true;true;0;43;100;128;0;12;Apr 48;16;false;false;false;false;801C03CF82454455248E030020082080002B88640008004808C11033B9;0;0;0;0;0;0;0;false;0;0;0;0;0;0;0;
10.12.2023 00:00;19:42:06;981;75;14;13;30;35;14. Feb;0.06;0;true;true;0;43;100;128;0;12. Mai;Apr 48;16;false;false;false;false;801C03D582454455238E030020082080002B88640000004908C11033B9;0;0;0;0;0;0;0;false;0;0;0;0;0;0;0;
10.12.2023 00:00;19:42:06;963;75;14;13;30;36;14. Feb;0.06;0;true;true;0;43;100;128;0;12. Mai;Apr 48;16;false;false;false;false;801C03C382454455248E030020082080002B88640004004908C11033B9;0;0;0;0;0;0;0;false;0;0;0;0;0;0;0;
10.12.2023 00:00;19:42:08;995;75;14;13;30;34;14. Feb;0.06;0;true;true;0;43;100;128;0;14;Apr 48;16;false;false;false;false;801C03E382454455228E030020082080002B88640014004C08C11033B9;0;0;0;0;0;0;0;false;0;0;0;0;0;0;0;
10.12.2023;19:42:10.016;992;76;14;13;30;34;14. Feb;0.06;0;true;true;0;43;100;128;0;12. Mai;Apr 48;16;false;false;false;false;801C03E083454455228E030020082080002B88640000004908C11033B9;0;0;0;0;0;0;0;false;0;0;0;0;0;0;0;
10.12.2023 00:00;19:42:11;987;76;14;13;30;36;14. Feb;0.06;0;true;true;0;43;100;128;0;12. Mai;Apr 48;16;false;false;false;false;801C03DB83454455248E030020082080002B88640010004908C11033B9;0;0;0;0;0;0;0;false;0;0;0;0;0;0;0;
10.12.2023;19:42:12.013;954;76;14;13;30;37;14. Feb;0.06;0;true;true;0;43;100;128;0;12;Apr 48;16;false;false;false;false;801C03BA83454455258E030020082080002B88640010004808C11033B9;0;0;0;0;0;0;0;false;0;0;0;0;0;0;0;
10.12.2023 00:00;19:42:13;949;76;14;13;30;36;14. Feb;0.06;0;true;true;0;43;100;128;0;14;Apr 48;16;false;false;false;false;801C03B583454455248E030020082080002B8864000C004C08C11033B9;0;0;0;0;0;0;0;false;0;0;0;0;0;0;0;
10.12.2023 00:00;19:42:15;981;76;14;13;30;35;14. Feb;0.06;0;true;true;0;43;100;128;0;12. Mai;Apr 48;16;false;false;false;false;801C03D583454455238E030020082080002B88640008004908C11033B9;0;0;0;0;0;0;0;false;0;0;0;0;0;0;0;
10.12.2023 00:00;19:42:16;973;76;14;13;30;36;14. Feb;0.06;0;true;true;0;43;100;128;0;12. Mai;Apr 48;16;false;false;false;false;801C03CD83454455248E030020082080002B8864000C004908C11033B9;0;0;0;0;0;0;0;false;0;0;0;0;0;0;0;
10.12.2023 00:00;19:42:17;970;76;14;13;30;36;14. Feb;0.06;0;true;true;0;43;100;128;0;12;Apr 48;16;false;false;false;false;801C03CA83454455248E030020082080002B88640004004808C11033B9;0;0;0;0;0;0;0;false;0;0;0;0;0;0;0;
10.12.2023 00:00;19:42:18;977;76;14;13;30;35;14. Feb;0.06;0;true;true;0;43;100;128;0;13. Mai;Apr 48;16;false;false;false;false;801C03D183454455238E030020082080002B8864000C004B08C11033B9;0;0;0;0;0;0;0;false;0;0;0;0;0;0;0;
10.12.2023 00:00;19:42:20;971;77;14;13;30;34;14. Feb;0.06;0;true;true;0;43;100;128;0;12;Apr 48;16;false;false;false;false;801C03CB84454455228E030020082080002B88640008004808C11033B9;0;0;0;0;0;0;0;false;0;0;0;0;0;0;0;
10.12.2023;19:42:22.034;971;77;14;13;30;34;14. Feb;0.06;0;true;true;0;43;100;128;0;12;Apr 48;16;false;false;false;false;801C03CB84454455228E030020082080002B88640010004808C11033B9;0;0;0;0;0;0;0;false;0;0;0;0;0;0;0;
10.12.2023 00:00;19:42:22;930;77;14;13;30;38;14. Feb;0.06;0;true;true;0;43;100;128;0;12. Mai;Apr 48;16;false;false;false;false;801C03A284454455268E030020082080002B8864000C004908C11033B9;0;0;0;0;0;0;0;false;0;0;0;0;0;0;0;
10.12.2023;19:42:24.031;976;77;14;13;30;34;14. Feb;0.06;0;true;true;0;43;100;128;0;11;Apr 48;16;false;false;false;false;801C03D084454455228E030020082080002B88640018004608C11033B9;0;0;0;0;0;0;0;false;0;0;0;0;0;0;0;
10.12.2023 00:00;19:42:25;957;77;14;13;30;36;14. Feb;0.06;0;true;true;0;43;100;128;0;12;Apr 48;16;false;false;false;false;801C03BD84454455248E030020082080002B8864000C004808C11033B9;0;0;0;0;0;0;0;false;0;0;0;0;0;0;0;
10.12.2023 00:00;19:42:27;962;77;14;13;30;37;14. Feb;0.06;0;true;true;0;43;100;128;0;11. Mai;Apr 48;16;false;false;false;false;801C03C284454455258E030020082080002B8864000C004708C11033B9;0;0;0;0;0;0;0;false;0;0;0;0;0;0;0;
10.12.2023 00:00;19:42:27;959;77;14;13;30;37;14. Feb;0.06;0;true;true;0;43;100;128;0;11;Apr 48;16;false;false;false;false;801C03BF84454455258E030020082080002B8864001C004608C11033B9;0;0;0;0;0;0;0;false;0;0;0;0;0;0;0;
10.12.2023 00:00;19:42:29;976;77;14;13;30;35;14. Feb;0.06;0;true;true;0;43;100;128;0;12;Apr 48;16;false;false;false;false;801C03D084454455238E030020082080002B88640018004808C11033B9;0;0;0;0;0;0;0;false;0;0;0;0;0;0;0;
10.12.2023 00:00;19:42:30;969;78;14;13;30;35;14. Feb;0.06;0;true;true;0;43;100;128;0;13. Mai;Apr 48;16;false;false;false;false;801C03C985454455238E030020082080002B8864000C004B08C11033B9;0;0;0;0;0;0;0;false;0;0;0;0;0;0;0;
10.12.2023 00:00;19:42:32;934;78;14;13;30;35;14. Feb;0.06;0;true;true;0;43;98;128;0;12. Mai;Apr 48;16;false;false;false;false;801C03A685454455238E030020082080002B88620004004908C11033B9;0;0;0;0;0;0;0;false;0;0;0;0;0;0;0;
10.12.2023 00:00;19:42:32;936;78;14;13;30;36;14. Feb;0.06;0;true;true;0;43;98;128;0;12. Mai;Apr 48;16;false;false;false;false;801C03A885454455248E030020082080002B88620004004908C11033B9;0;0;0;0;0;0;0;false;0;0;0;0;0;0;0;
10.12.2023 00:00;19:42:34;933;78;14;13;30;36;14. Feb;0.06;0;true;true;0;43;98;128;0;12. Mai;Apr 48;16;false;false;false;false;801C03A585454455248E030020082080002B88620004004908C11033B9;0;0;0;0;0;0;0;false;0;0;0;0;0;0;0;
10.12.2023;19:42:36.018;943;78;14;13;30;35;14. Feb;0.06;0;true;true;0;43;98;128;0;12;Apr 48;16;false;false;false;false;801C03AF85454455238E030020082080002B8862000C004808C11033B9;0;0;0;0;0;0;0;false;0;0;0;0;0;0;0;
10.12.2023 00:00;19:42:37;934;78;14;13;30;36;14. Feb;0.06;0;true;true;0;43;98;128;0;11. Mai;Apr 48;16;false;false;false;false;801C03A685454455248E030020082080002B8862000C004708C11033B9;0;0;0;0;0;0;0;false;0;0;0;0;0;0;0;
10.12.2023;19:42:38.015;933;78;14;13;30;35;14. Feb;0.06;0;true;true;0;43;98;128;0;10. Mai;Apr 48;16;false;false;false;false;801C03A585454455238E030020082080002B8862001C004508C11033B9;0;0;0;0;0;0;0;false;0;0;0;0;0;0;0;
10.12.2023 00:00;19:42:39;926;78;14;13;30;35;14. Feb;0.06;0;true;true;0;43;98;128;0;12;Apr 48;16;false;false;false;false;801C039E85454455238E030020082080002B8862000C004808C11033B9;0;0;0;0;0;0;0;false;0;0;0;0;0;0;0;
10.12.2023 00:00;19:42:41;945;78;14;13;30;34;14. Feb;0.06;0;true;true;0;43;98;128;0;12. Mai;Apr 48;16;false;false;false;false;801C03B185454455228E030020082080002B88620000004908C11033B9;0;0;0;0;0;0;0;false;0;0;0;0;0;0;0;
10.12.2023 00:00;19:42:42;929;78;14;13;30;36;14. Feb;0.06;0;true;true;0;43;98;128;0;12. Mai;Apr 48;16;false;false;false;false;801C03A185454455248E030020082080002B88620008004908C11033B9;0;0;0;0;0;0;0;false;0;0;0;0;0;0;0;
10.12.2023 00:00;19:42:43;922;78;14;13;30;37;14. Feb;0.06;0;true;true;0;43;98;128;0;12. Mai;Apr 48;16;false;false;false;false;801C039A85454455258E030020082080002B88620004004908C11033B9;0;0;0;0;0;0;0;false;0;0;0;0;0;0;0;
10.12.2023 00:00;19:42:44;909;78;14;13;30;35;14. Feb;0.06;0;true;true;0;43;98;128;0;12. Mai;Apr 48;16;false;false;false;false;801C038D85454455238E030020082080002B88620004004908C11033B9;0;0;0;0;0;0;0;false;0;0;0;0;0;0;0;
10.12.2023 00:00;19:42:46;933;77;14;13;30;35;14. Feb;0.06;0;true;true;0;43;97;128;0;15. Mai;Apr 48;16;false;false;false;false;801C03A584454455238E030020082080002B88610014004F08C11033B9;0;0;0;0;0;0;0;false;0;0;0;0;0;0;0;
10.12.2023;19:42:48.022;953;77;14;13;30;35;14. Feb;0.06;0;true;true;0;43;97;128;0;13. Mai;Apr 48;16;false;false;false;false;801C03B984454455238E030020082080002B88610004004B08C11033B9;0;0;0;0;0;0;0;false;0;0;0;0;0;0;0;
10.12.2023 00:00;19:42:48;943;77;14;13;30;36;14. Feb;0.06;0;true;true;0;43;97;128;0;16. Mai;Apr 48;16;false;false;false;false;801C03AF84454455248E030020082080002B88610008005108C11033B9;0;0;0;0;0;0;0;false;0;0;0;0;0;0;0;
10.12.2023;19:42:50.019;935;76;14;13;30;36;14. Feb;0.06;0;true;true;0;43;97;128;0;12. Mai;Apr 48;16;false;false;false;false;801C03A783454455248E030020082080002B88610000004908C11033B9;0;0;0;0;0;0;0;false;0;0;0;0;0;0;0;
10.12.2023 00:00;19:42:51;965;76;14;13;30;33;14. Feb;0.06;0;true;true;0;43;98;128;0;15. Mai;Apr 48;16;false;false;false;false;801C03C583454455218E030020082080002B8862000C004F08C11033B9;0;0;0;0;0;0;0;false;0;0;0;0;0;0;0;
10.12.2023 00:00;19:42:53;968;76;14;13;30;36;14. Feb;0.06;0;true;true;0;43;100;128;0;14. Mai;Apr 48;16;false;false;false;false;801C03C883454455248E030020082080002B8864000C004D08C11033B9;0;0;0;0;0;0;0;false;0;0;0;0;0;0;0;
10.12.2023 00:00;19:42:53;957;75;14;13;30;36;14. Feb;0.06;0;true;true;0;43;100;128;0;12. Mai;Apr 48;16;false;false;false;false;801C03BD82454455248E030020082080002B88640004004908C11033B9;0;0;0;0;0;0;0;false;0;0;0;0;0;0;0;
10.12.2023 00:00;19:42:55;939;75;14;13;30;34;14. Feb;0.06;0;true;true;0;43;101;128;0;16;Apr 48;16;false;false;false;false;801C03AB82454455228E030020082080002B88650014005008C11033B9;0;0;0;0;0;0;0;false;0;0;0;0;0;0;0;
10.12.2023 00:00;19:42:56;958;75;14;13;30;36;14. Feb;0.06;0;true;true;0;43;102;128;0;13. Mai;Apr 48;16;false;false;false;false;801C03BE82454455248E030020082080002B88660004004B08C11033B9;0;0;0;0;0;0;0;false;0;0;0;0;0;0;0;
10.12.2023 00:00;19:42:58;962;74;14;13;30;34;14. Feb;0.06;0;true;true;0;43;102;128;0;15;Apr 48;16;false;false;false;false;801C03C281454455228E030020082080002B88660010004E08C11033B9;0;0;0;0;0;0;0;false;0;0;0;0;0;0;0;
10.12.2023 00:00;19:42:58;985;74;14;13;30;36;14. Feb;0.06;0;true;true;0;43;102;128;0;12;Apr 48;16;false;false;false;false;801C03D981454455248E030020082080002B88660004004808C11033B9;0;0;0;0;0;0;0;false;0;0;0;0;0;0;0;
10.12.2023 00:00;19:43:00;977;74;14;13;30;36;14. Feb;0.06;0;true;true;0;43;102;128;0;12. Mai;Apr 48;16;false;false;false;false;801C03D181454455248E030020082080002B88660008004908C11033B9;0;0;0;0;0;0;0;false;0;0;0;0;0;0;0;
10.12.2023;19:43:02.022;987;73;14;13;30;36;14. Feb;0.06;0;true;true;0;43;102;128;0;12. Mai;Apr 48;16;false;false;false;false;801C03DB80454455248E030020082080002B88660014004908C11033B9;0;0;0;0;0;0;0;false;0;0;0;0;0;0;0;
10.12.2023 00:00;19:43:03;984;73;14;13;30;37;14. Feb;0.06;0;true;true;0;43;102;128;0;13. Mai;Apr 48;16;false;false;false;false;801C03D880454455258E030020082080002B88660004004B08C11033B9;0;0;0;0;0;0;0;false;0;0;0;0;0;0;0;
10.12.2023;19:43:04.020;964;73;14;13;30;37;14. Feb;0.06;0;true;true;0;43;102;128;0;12. Mai;Apr 48;16;false;false;false;false;801C03C480454455258E030020082080002B88660000004908C11033B9;0;0;0;0;0;0;0;false;0;0;0;0;0;0;0;
10.12.2023 00:00;19:43:05;982;73;14;13;30;35;14. Feb;0.06;0;true;true;0;43;102;128;0;12. Mai;Apr 48;16;false;false;false;false;801C03D680454455238E030020082080002B88660004004908C11033B9;0;0;0;0;0;0;0;false;0;0;0;0;0;0;0;
10.12.2023 00:00;19:43:07;994;73;14;13;30;35;14. Feb;0.06;0;true;true;0;43;102;128;0;13. Mai;Apr 48;16;false;false;false;false;801C03E280454455238E030020082080002B88660000004B08C11033B9;0;0;0;0;0;0;0;false;0;0;0;0;0;0;0;
10.12.2023 00:00;19:43:08;961;73;14;13;30;37;14. Feb;0.06;0;true;true;0;43;102;128;0;15. Mai;Apr 48;16;false;false;false;false;801C03C180454455258E030020082080002B8866000C004F08C11033B9;0;0;0;0;0;0;0;false;0;0;0;0;0;0;0;
10.12.2023 00:00;19:43:09;974;73;14;13;30;37;14. Feb;0.06;0;true;true;0;43;102;128;0;12. Mai;Apr 48;16;false;false;false;false;801C03CE80454455258E030020082080002B88660004004908C11033B9;0;0;0;0;0;0;0;false;0;0;0;0;0;0;0;
10.12.2023 00:00;19:43:10;975;73;14;13;30;36;14. Feb;0.06;0;true;true;0;43;102;128;0;14;Apr 48;16;false;false;false;false;801C03CF80454455248E030020082080002B88660008004C08C11033B9;0;0;0;0;0;0;0;false;0;0;0;0;0;0;0;
10.12.2023 00:00;19:43:12;982;73;14;13;30;36;14. Feb;0.06;0;true;true;0;43;102;128;0;14;Apr 48;16;false;false;false;false;801C03D680454455248E030020082080002B88660000004C08C11033B9;0;0;0;0;0;0;0;false;0;0;0;0;0;0;0;
10.12.2023;19:43:14.025;987;73;14;13;30;35;14. Feb;0.06;0;true;true;0;43;102;128;0;12. Mai;Apr 48;16;false;false;false;false;801C03DB80454455238E030020082080002B88660008004908C11033B9;0;0;0;0;0;0;0;false;0;0;0;0;0;0;0;
10.12.2023 00:00;19:43:14;990;73;14;13;30;36;14. Feb;0.06;0;true;true;0;43;102;128;0;12. Mai;Apr 48;16;false;false;false;false;801C03DE80454455248E030020082080002B88660000004908C11033B9;0;0;0;0;0;0;0;false;0;0;0;0;0;0;0;
10.12.2023;19:43:16.023;988;73;14;13;30;35;14. Feb;0.06;0;true;true;0;43;103;128;0;13. Mai;Apr 48;16;false;false;false;false;801C03DC80454455238E030020082080002B88670004004B08C11033B9;0;0;0;0;0;0;0;false;0;0;0;0;0;0;0;
10.12.2023 00:00;19:43:17;969;73;14;13;30;35;14. Feb;0.06;0;true;true;0;43;103;128;0;14;Apr 48;16;false;false;false;false;801C03C980454455238E030020082080002B88670000004C08C11033B9;0;0;0;0;0;0;0;false;0;0;0;0;0;0;0;
10.12.2023 00:00;19:43:19;981;73;14;13;30;37;14. Feb;0.06;0;true;true;0;43;103;128;0;12. Mai;Apr 48;16;false;false;false;false;801C03D580454455258E030020082080002B88670010004908C11033B9;0;0;0;0;0;0;0;false;0;0;0;0;0;0;0;
10.12.2023 00:00;19:43:19;985;73;14;13;30;36;14. Feb;0.06;0;true;true;0;43;103;128;0;12. Mai;Apr 48;16;false;false;false;false;801C03D980454455248E030020082080002B88670000004908C11033B9;0;0;0;0;0;0;0;false;0;0;0;0;0;0;0;
10.12.2023 00:00;19:43:21;982;73;14;13;30;35;14. Feb;0.06;0;true;true;0;43;103;128;0;12. Mai;Apr 48;16;false;false;false;false;801C03D680454455238E030020082080002B88670004004908C11033B9;0;0;0;0;0;0;0;false;0;0;0;0;0;0;0;
10.12.2023 00:00;19:43:22;1000;74;14;13;30;35;14. Feb;0.06;0;true;true;0;43;103;128;0;13. Mai;Apr 48;16;false;false;false;false;801C03E881454455238E030020082080002B88670004004B08C11033B9;0;0;0;0;0;0;0;false;0;0;0;0;0;0;0;
10.12.2023 00:00;19:43:24;977;74;14;13;30;37;14. Feb;0.06;0;true;true;0;43;103;128;0;12. Mai;Apr 48;16;false;false;false;false;801C03D181454455258E030020082080002B88670008004908C11033B9;0;0;0;0;0;0;0;false;0;0;0;0;0;0;0;
10.12.2023 00:00;19:43:24;969;74;14;13;30;36;14. Feb;0.06;0;true;true;0;43;103;128;0;12;Apr 48;16;false;false;false;false;801C03C981454455248E030020082080002B8867000C004808C11033B9;0;0;0;0;0;0;0;false;0;0;0;0;0;0;0;
10.12.2023 00:00;19:43:26;972;74;14;13;30;37;14. Feb;0.06;0;true;true;0;43;103;128;0;12;Apr 48;16;false;false;false;false;801C03CC81454455258E030020082080002B88670008004808C11033B9;0;0;0;0;0;0;0;false;0;0;0;0;0;0;0;
10.12.2023;19:43:28.025;979;74;14;13;30;37;14. Feb;0.06;0;true;true;0;43;103;128;0;12. Mai;Apr 48;16;false;false;false;false;801C03D381454455258E030020082080002B88670004004908C11033B9;0;0;0;0;0;0;0;false;0;0;0;0;0;0;0;
10.12.2023 00:00;19:43:29;977;74;14;13;30;35;14. Feb;0.06;0;true;true;0;43;103;128;0;12. Mai;Apr 48;16;false;false;false;false;801C03D181454455238E030020082080002B88670008004908C11033B9;0;0;0;0;0;0;0;false;0;0;0;0;0;0;0;
10.12.2023;19:43:30.023;988;74;14;13;30;36;14. Feb;0.06;0;true;true;0;43;103;128;0;12. Mai;Apr 48;16;false;false;false;false;801C03DC81454455248E030020082080002B88670004004908C11033B9;0;0;0;0;0;0;0;false;0;0;0;0;0;0;0;
10.12.2023 00:00;19:43:31;972;75;14;13;30;37;14. Feb;0.06;0;true;true;0;43;103;128;0;12. Mai;Apr 48;16;false;false;false;false;801C03CC82454455258E030020082080002B88670008004908C11033B9;0;0;0;0;0;0;0;false;0;0;0;0;0;0;0;
10.12.2023 00:00;19:43:33;990;75;14;13;30;35;14. Feb;0.06;0;true;true;0;43;103;128;0;12. Mai;Apr 48;16;false;false;false;false;801C03DE82454455238E030020082080002B88670000004908C11033B9;0;0;0;0;0;0;0;false;0;0;0;0;0;0;0;
10.12.2023 00:00;19:43:34;986;75;14;13;30;36;14. Feb;0.06;0;true;true;0;43;103;128;0;12. Mai;Apr 48;16;false;false;false;false;801C03DA82454455248E030020082080002B88670004004908C11033B9;0;0;0;0;0;0;0;false;0;0;0;0;0;0;0;
10.12.2023 00:00;19:43:35;965;75;14;13;30;35;14. Feb;0.06;0;true;true;0;43;103;128;0;13. Mai;Apr 48;16;false;false;false;false;801C03C582454455238E030020082080002B88670008004B08C11033B9;0;0;0;0;0;0;0;false;0;0;0;0;0;0;0;
10.12.2023 00:00;19:43:36;997;75;14;13;30;36;14. Feb;0.06;0;true;true;0;43;103;128;0;12. Mai;Apr 48;16;false;false;false;false;801C03E582454455248E030020082080002B88670004004908C11033B9;0;0;0;0;0;0;0;false;0;0;0;0;0;0;0;
10.12.2023 00:00;19:43:38;998;76;14;13;30;36;14. Feb;0.06;0;true;true;0;43;102;128;0;11;Apr 48;16;false;false;false;false;801C03E683454455248E030020082080002B88660014004608C11033B9;0;0;0;0;0;0;0;false;0;0;0;0;0;0;0;
10.12.2023;19:43:40.011;960;76;14;13;30;37;14. Feb;0.06;0;true;true;0;43;102;128;0;12. Mai;Apr 48;16;false;false;false;false;801C03C083454455258E030020082080002B88660014004908C11033B9;0;0;0;0;0;0;0;false;0;0;0;0;0;0;0;
10.12.2023 00:00;19:43:40;1005;76;14;13;30;34;14. Feb;0.06;0;true;true;0;43;102;128;0;12;Apr 48;16;false;false;false;false;801C03ED83454455228E030020082080002B8866000C004808C11033B9;0;0;0;0;0;0;0;false;0;0;0;0;0;0;0;
10.12.2023;19:43:42.025;977;76;14;13;30;37;14. Feb;0.06;0;true;true;0;43;102;128;0;13. Mai;Apr 48;16;false;false;false;false;801C03D183454455258E030020082080002B8866000C004B08C11033B9;0;0;0;0;0;0;0;false;0;0;0;0;0;0;0;
10.12.2023 00:00;19:43:43;974;76;14;13;30;36;14. Feb;0.06;0;true;true;0;43;102;128;0;12. Mai;Apr 48;16;false;false;false;false;801C03CE83454455248E030020082080002B88660004004908C11033B9;0;0;0;0;0;0;0;false;0;0;0;0;0;0;0;
10.12.2023 00:00;19:43:45;982;77;14;13;30;36;14. Feb;0.06;0;true;true;0;43;102;128;0;12. Mai;Apr 48;16;false;false;false;false;801C03D684454455248E030020082080002B8866000C004908C11033B9;0;0;0;0;0;0;0;false;0;0;0;0;0;0;0;
10.12.2023 00:00;19:43:45;968;77;14;13;30;35;14. Feb;0.06;0;true;true;0;43;102;128;0;12;Apr 48;16;false;false;false;false;801C03C884454455238E030020082080002B88660010004808C11033B9;0;0;0;0;0;0;0;false;0;0;0;0;0;0;0;
10.12.2023 00:00;19:43:47;942;77;14;13;30;37;14. Feb;0.06;0;true;true;0;43;101;128;0;12. Mai;Apr 48;16;false;false;false;false;801C03AE84454455258E030020082080002B88650004004908C11033B9;0;0;0;0;0;0;0;false;0;0;0;0;0;0;0;
10.12.2023 00:00;19:43:48;960;77;14;13;30;38;14. Feb;0.06;0;true;true;0;43;101;128;0;12;Apr 48;16;false;false;false;false;801C03C084454455268E030020082080002B88650010004808C11033B9;0;0;0;0;0;0;0;false;0;0;0;0;0;0;0;
10.12.2023 00:00;19:43:50;977;77;14;13;30;35;14. Feb;0.06;0;true;true;0;43;101;128;0;15;Apr 48;16;false;false;false;false;801C03D184454455238E030020082080002B8865000C004E08C11033B9;0;0;0;0;0;0;0;false;0;0;0;0;0;0;0;
10.12.2023 00:00;19:43:50;952;77;14;13;30;37;14. Feb;0.06;0;true;true;0;43;101;128;0;12. Mai;Apr 48;16;false;false;false;false;801C03B884454455258E030020082080002B88650008004908C11033B9;0;0;0;0;0;0;0;false;0;0;0;0;0;0;0;
10.12.2023 00:00;19:43:52;955;77;14;13;30;36;14. Feb;0.06;0;true;true;0;43;101;128;0;11. Mai;Apr 48;16;false;false;false;false;801C03BB84454455248E030020082080002B88650014004708C11033B9;0;0;0;0;0;0;0;false;0;0;0;0;0;0;0;
10.12.2023;19:43:54.011;913;78;14;13;30;36;14. Feb;0.06;0;true;true;0;43;100;128;0;13. Mai;Apr 48;16;false;false;false;false;801C039185454455248E030020082080002B88640010004B08C11033B9;0;0;0;0;0;0;0;false;0;0;0;0;0;0;0;
10.12.2023 00:00;19:43:55;943;78;14;13;30;35;14. Feb;0.06;0;true;true;0;43;100;128;0;12;Apr 48;16;false;false;false;false;801C03AF85454455238E030020082080002B8864000C004808C11033B9;0;0;0;0;0;0;0;false;0;0;0;0;0;0;0;
10.12.2023;19:43:56.025;932;78;14;13;30;38;14. Feb;0.06;0;true;true;0;43;100;128;0;14;Apr 48;16;false;false;false;false;801C03A485454455268E030020082080002B88640008004C08C11033B9;0;0;0;0;0;0;0;false;0;0;0;0;0;0;0;
10.12.2023 00:00;19:43:57;935;78;14;13;30;37;14. Feb;0.06;0;true;true;0;43;99;128;0;14;Apr 48;16;false;false;false;false;801C03A785454455258E030020082080002B88630008004C08C11033B9;0;0;0;0;0;0;0;false;0;0;0;0;0;0;0;
10.12.2023 00:00;19:43:59;936;78;14;13;30;36;14. Feb;0.06;0;true;true;0;43;97;128;0;12. Mai;Apr 48;16;false;false;false;false;801C03A885454455248E030020082080002B8861000C004908C11033B9;0;0;0;0;0;0;0;false;0;0;0;0;0;0;0;
10.12.2023 00:00;19:44:00;921;78;14;13;30;37;14. Feb;0.06;0;true;true;0;43;96;128;0;14. Mai;Apr 48;16;false;false;false;false;801C039985454455258E030020082080002B8860000C004D08C11033B9;0;0;0;0;0;0;0;false;0;0;0;0;0;0;0;
10.12.2023 00:00;19:44:01;916;78;14;13;30;35;14. Feb;0.06;0;true;true;0;43;96;128;0;12. Mai;Apr 48;16;false;false;false;false;801C039485454455238E030020082080002B88600008004908C11033B9;0;0;0;0;0;0;0;false;0;0;0;0;0;0;0;
10.12.2023 00:00;19:44:02;926;78;14;13;30;35;14. Feb;0.06;0;true;true;0;43;96;128;0;12. Mai;Apr 48;16;false;false;false;false;801C039E85454455238E030020082080002B88600004004908C11033B9;0;0;0;0;0;0;0;false;0;0;0;0;0;0;0;
10.12.2023 00:00;19:44:04;949;78;14;13;30;36;14. Feb;0.06;0;true;true;0;43;96;128;0;12. Mai;Apr 48;16;false;false;false;false;801C03B585454455248E030020082080002B88600010004908C11033B9;0;0;0;0;0;0;0;false;0;0;0;0;0;0;0;
10.12.2023;19:44:06.013;916;77;14;13;30;36;14. Feb;0.06;0;true;true;0;43;96;128;0;16;Apr 48;16;false;false;false;false;801C039484454455248E030020082080002B88600010005008C11033B9;0;0;0;0;0;0;0;false;0;0;0;0;0;0;0;
10.12.2023 00:00;19:44:06;943;77;14;13;30;36;14. Feb;0.06;0;true;true;0;43;96;128;0;12. Mai;Apr 48;16;false;false;false;false;801C03AF84454455248E030020082080002B88600004004908C11033B9;0;0;0;0;0;0;0;false;0;0;0;0;0;0;0;
10.12.2023;19:44:08.027;957;77;14;13;30;35;14. Feb;0.06;0;true;true;0;43;96;128;0;13. Mai;Apr 48;16;false;false;false;false;801C03BD84454455238E030020082080002B88600000004B08C11033B9;0;0;0;0;0;0;0;false;0;0;0;0;0;0;0;
10.12.2023 00:00;19:44:09;946;77;14;13;30;36;14. Feb;0.06;0;true;true;0;43;97;128;0;14;Apr 48;16;false;false;false;false;801C03B284454455248E030020082080002B8861000C004C08C11033B9;0;0;0;0;0;0;0;false;0;0;0;0;0;0;0;
10.12.2023 00:00;19:44:11;946;77;14;13;30;37;14. Feb;0.06;0;true;true;0;43;97;128;0;12. Mai;Apr 48;16;false;false;false;false;801C03B284454455258E030020082080002B88610004004908C11033B9;0;0;0;0;0;0;0;false;0;0;0;0;0;0;0;
10.12.2023 00:00;19:44:11;944;76;14;13;30;34;14. Feb;0.06;0;true;true;0;43;97;128;0;14. Mai;Apr 48;16;false;false;false;false;801C03B083454455228E030020082080002B88610008004D08C11033B9;0;0;0;0;0;0;0;false;0;0;0;0;0;0;0;
10.12.2023 00:00;19:44:13;943;76;14;13;30;35;14. Feb;0.06;0;true;true;0;43;98;128;0;14;Apr 48;16;false;false;false;false;801C03AF83454455238E030020082080002B8862000C004C08C11033B9;0;0;0;0;0;0;0;false;0;0;0;0;0;0;0;
10.12.2023 00:00;19:44:14;947;76;14;13;30;34;14. Feb;0.06;0;true;true;0;43;98;128;0;12. Mai;Apr 48;16;false;false;false;false;801C03B383454455228E030020082080002B88620000004908C11033B9;0;0;0;0;0;0;0;false;0;0;0;0;0;0;0;
10.12.2023 00:00;19:44:16;968;76;14;13;30;34;14. Feb;0.06;0;true;true;0;43;98;128;0;16;Apr 48;16;false;false;false;false;801C03C883454455228E030020082080002B88620018005008C11033B9;0;0;0;0;0;0;0;false;0;0;0;0;0;0;0;
10.12.2023 00:00;19:44:16;979;76;14;13;30;34;14. Feb;0.06;0;true;true;0;43;98;128;0;12. Mai;Apr 48;16;false;false;false;false;801C03D383454455228E030020082080002B88620000004908C11033B9;0;0;0;0;0;0;0;false;0;0;0;0;0;0;0;
10.12.2023 00:00;19:44:18;987;75;14;13;30;35;14. Feb;0.06;0;true;true;0;43;98;128;0;12. Mai;Apr 48;16;false;false;false;false;801C03DB82454455238E030020082080002B88620004004908C11033B9;0;0;0;0;0;0;0;false;0;0;0;0;0;0;0;
10.12.2023;19:44:20.014;956;75;14;13;30;35;14. Feb;0.06;0;true;true;0;43;99;128;0;15. Mai;Apr 48;16;false;false;false;false;801C03BC82454455238E030020082080002B8863000C004F08C11033B9;0;0;0;0;0;0;0;false;0;0;0;0;0;0;0;
10.12.2023 00:00;19:44:21;985;75;14;13;30;36;14. Feb;0.06;0;true;true;0;43;99;128;0;14;Apr 48;16;false;false;false;false;801C03D982454455248E030020082080002B88630004004C08C11033B9;0;0;0;0;0;0;0;false;0;0;0;0;0;0;0;
10.12.2023;19:44:22.011;943;75;14;13;30;34;14. Feb;0.06;0;true;true;0;43;99;128;0;14. Mai;Apr 48;16;false;false;false;false;801C03AF82454455228E030020082080002B8863000C004D08C11033B9;0;0;0;0;0;0;0;false;0;0;0;0;0;0;0;
10.12.2023 00:00;19:44:23;980;75;14;13;30;34;14. Feb;0.06;0;true;true;0;43;99;128;0;12;Apr 48;16;false;false;false;false;801C03D482454455228E030020082080002B88630004004808C11033B9;0;0;0;0;0;0;0;false;0;0;0;0;0;0;0;
10.12.2023 00:00;19:44:25;978;75;14;13;30;35;14. Feb;0.06;0;true;true;0;43;99;128;0;16;Apr 48;16;false;false;false;false;801C03D282454455238E030020082080002B88630018005008C11033B9;0;0;0;0;0;0;0;false;0;0;0;0;0;0;0;
10.12.2023 00:00;19:44:26;991;75;14;13;30;34;14. Feb;0.06;0;true;true;0;43;99;128;0;12. Mai;Apr 48;16;false;false;false;false;801C03DF82454455228E030020082080002B88630004004908C11033B9;0;0;0;0;0;0;0;false;0;0;0;0;0;0;0;
10.12.2023 00:00;19:44:27;987;75;14;13;30;35;14. Feb;0.06;0;true;true;0;43;99;128;0;14;Apr 48;16;false;false;false;false;801C03DB82454455238E030020082080002B88630004004C08C11033B9;0;0;0;0;0;0;0;false;0;0;0;0;0;0;0;
10.12.2023 00:00;19:44:28;971;75;14;13;30;35;14. Feb;0.06;0;true;true;0;43;99;128;0;11. Mai;Apr 48;16;false;false;false;false;801C03CB82454455238E030020082080002B88630010004708C11033B9;0;0;0;0;0;0;0;false;0;0;0;0;0;0;0;
10.12.2023 00:00;19:44:30;972;75;14;13;30;35;14. Feb;0.06;0;true;true;0;43;99;128;0;14. Mai;Apr 48;16;false;false;false;false;801C03CC82454455238E030020082080002B88630008004D08C11033B9;0;0;0;0;0;0;0;false;0;0;0;0;0;0;0;
10.12.2023;19:44:32.016;976;75;14;13;30;34;14. Feb;0.06;0;true;true;0;43;99;128;0;16;Apr 48;16;false;false;false;false;801C03D082454455228E030020082080002B88630014005008C11033B9;0;0;0;0;0;0;0;false;0;0;0;0;0;0;0;
10.12.2023 00:00;19:44:32;980;75;14;13;30;35;14. Feb;0.06;0;true;true;0;43;99;128;0;12;Apr 48;16;false;false;false;false;801C03D482454455238E030020082080002B88630004004808C11033B9;0;0;0;0;0;0;0;false;0;0;0;0;0;0;0;
10.12.2023;19:44:34.014;973;75;14;13;30;34;14. Feb;0.06;0;true;true;0;43;99;128;0;12. Mai;Apr 48;16;false;false;false;false;801C03CD82454455228E030020082080002B88630004004908C11033B9;0;0;0;0;0;0;0;false;0;0;0;0;0;0;0;
10.12.2023 00:00;19:44:35;961;75;14;13;30;34;14. Feb;0.06;0;true;true;0;43;99;128;0;12. Mai;Apr 48;16;false;false;false;false;801C03C182454455228E030020082080002B8863000C004908C11033B9;0;0;0;0;0;0;0;false;0;0;0;0;0;0;0;
10.12.2023 00:00;19:44:37;979;76;14;13;30;34;14. Feb;0.06;0;true;true;0;43;99;128;0;12. Mai;Apr 48;16;false;false;false;false;801C03D383454455228E030020082080002B88630004004908C11033B9;0;0;0;0;0;0;0;false;0;0;0;0;0;0;0;
10.12.2023 00:00;19:44:37;984;76;14;13;30;35;14. Feb;0.06;0;true;true;0;43;99;128;0;12;Apr 48;16;false;false;false;false;801C03D883454455238E030020082080002B88630004004808C11033B9;0;0;0;0;0;0;0;false;0;0;0;0;0;0;0;
10.12.2023 00:00;19:44:39;973;76;14;13;30;35;14. Feb;0.06;0;true;true;0;43;100;128;0;15. Mai;Apr 48;16;false;false;false;false;801C03CD83454455238E030020082080002B88640014004F08C11033B9;0;0;0;0;0;0;0;false;0;0;0;0;0;0;0;
10.12.2023 00:00;19:44:40;985;76;14;13;30;35;14. Feb;0.06;0;true;true;0;43;101;128;0;10. Mai;Apr 48;16;false;false;false;false;801C03D983454455238E030020082080002B88650018004508C11033B9;0;0;0;0;0;0;0;false;0;0;0;0;0;0;0;
10.12.2023 00:00;19:44:42;974;76;14;13;30;36;14. Feb;0.06;0;true;true;0;43;101;128;0;15;Apr 48;16;false;false;false;false;801C03CE83454455248E030020082080002B88650000004E08C11033B9;0;0;0;0;0;0;0;false;0;0;0;0;0;0;0;
10.12.2023 00:00;19:44:42;987;76;14;13;30;36;14. Feb;0.06;0;true;true;0;43;101;128;0;12. Mai;Apr 48;16;false;false;false;false;801C03DB83454455248E030020082080002B88650008004908C11033B9;0;0;0;0;0;0;0;false;0;0;0;0;0;0;0;
10.12.2023 00:00;19:44:44;979;76;14;13;30;35;14. Feb;0.06;0;true;true;0;43;101;128;0;13. Mai;Apr 48;16;false;false;false;false;801C03D383454455238E030020082080002B88650008004B08C11033B9;0;0;0;0;0;0;0;false;0;0;0;0;0;0;0;
10.12.2023;19:44:46.016;977;76;14;13;30;35;14. Feb;0.06;0;true;true;0;43;101;128;0;12. Mai;Apr 48;16;false;false;false;false;801C03D183454455238E030020082080002B88650000004908C11033B9;0;0;0;0;0;0;0;false;0;0;0;0;0;0;0;
10.12.2023 00:00;19:44:47;977;77;14;13;30;36;14. Feb;0.06;0;true;true;0;43;101;128;0;10. Mai;Apr 48;16;false;false;false;false;801C03D184454455248E030020082080002B8865001C004508C11033B9;0;0;0;0;0;0;0;false;0;0;0;0;0;0;0;
10.12.2023;19:44:48.014;932;77;14;13;30;36;14. Feb;0.06;0;true;true;0;43;101;128;0;11. Mai;Apr 48;16;false;false;false;false;801C03A484454455248E030020082080002B88650008004708C11033B9;0;0;0;0;0;0;0;false;0;0;0;0;0;0;0;
10.12.2023 00:00;19:44:49;970;77;14;13;30;36;14. Feb;0.06;0;true;true;0;43;100;128;0;12;Apr 48;16;false;false;false;false;801C03CA84454455248E030020082080002B88640010004808C11033B9;0;0;0;0;0;0;0;false;0;0;0;0;0;0;0;
10.12.2023 00:00;19:44:51;959;77;14;13;30;35;14. Feb;0.06;0;true;true;0;43;100;128;0;12. Mai;Apr 48;16;false;false;false;false;801C03BF84454455238E030020082080002B88640004004908C11033B9;0;0;0;0;0;0;0;false;0;0;0;0;0;0;0;
10.12.2023 00:00;19:44:52;944;77;14;13;30;35;14. Feb;0.06;0;true;true;0;43;100;128;0;12. Mai;Apr 48;16;false;false;false;false;801C03B084454455238E030020082080002B88640004004908C11033B9;0;0;0;0;0;0;0;false;0;0;0;0;0;0;0;
10.12.2023 00:00;19:44:53;960;77;14;13;30;35;14. Feb;0.06;0;true;true;0;43;100;128;0;13. Mai;Apr 48;16;false;false;false;false;801C03C084454455238E030020082080002B88640004004B08C11033B9;0;0;0;0;0;0;0;false;0;0;0;0;0;0;0;
10.12.2023 00:00;19:44:54;968;77;14;13;30;36;14. Feb;0.06;0;true;true;0;43;99;128;0;11. Mai;Apr 48;16;false;false;false;false;801C03C884454455248E030020082080002B88630010004708C11033B9;0;0;0;0;0;0;0;false;0;0;0;0;0;0;0;
10.12.2023 00:00;19:44:56;964;77;14;13;30;35;14. Feb;0.06;0;true;true;0;43;99;128;0;12. Mai;Apr 48;16;false;false;false;false;801C03C484454455238E030020082080002B88630004004908C11033B9;0;0;0;0;0;0;0;false;0;0;0;0;0;0;0;
10.12.2023;19:44:58.018;961;77;14;13;30;35;14. Feb;0.06;0;true;true;0;43;99;128;0;12;Apr 48;16;false;false;false;false;801C03C184454455238E030020082080002B88630008004808C11033B9;0;0;0;0;0;0;0;false;0;0;0;0;0;0;0;
10.12.2023 00:00;19:44:58;967;77;14;13;30;36;14. Feb;0.06;0;true;true;0;43;99;128;0;12. Mai;Apr 48;16;false;false;false;false;801C03C784454455248E030020082080002B8863001C004908C11033B9;0;0;0;0;0;0;0;false;0;0;0;0;0;0;0;
10.12.2023;19:45:00.016;956;77;14;13;30;35;14. Feb;0.06;0;true;true;0;43;99;128;0;10. Mai;Apr 48;16;false;false;false;false;801C03BC84454455238E030020082080002B88630014004508C11033B9;0;0;0;0;0;0;0;false;0;0;0;0;0;0;0;
10.12.2023 00:00;19:45:01;960;77;14;13;30;36;14. Feb;0.06;0;true;true;0;43;99;128;0;12. Mai;Apr 48;16;false;false;false;false;801C03C084454455248E030020082080002B88630008004908C11033B9;0;0;0;0;0;0;0;false;0;0;0;0;0;0;0;
10.12.2023 00:00;19:45:03;954;77;14;13;30;36;14. Feb;0.06;0;true;true;0;43;97;128;0;10. Mai;Apr 48;16;false;false;false;false;801C03BA84454455248E030020082080002B88610020004508C11033B9;0;0;0;0;0;0;0;false;0;0;0;0;0;0;0;
10.12.2023 00:00;19:45:03;938;77;14;13;30;37;14. Feb;0.06;0;true;true;0;43;97;128;0;12. Mai;Apr 48;16;false;false;false;false;801C03AA84454455258E030020082080002B88610004004908C11033B9;0;0;0;0;0;0;0;false;0;0;0;0;0;0;0;
10.12.2023 00:00;19:45:05;969;77;14;13;30;34;14. Feb;0.06;0;true;true;0;43;97;128;0;14. Mai;Apr 48;16;false;false;false;false;801C03C984454455228E030020082080002B8861000C004D08C11033B9;0;0;0;0;0;0;0;false;0;0;0;0;0;0;0;
10.12.2023 00:00;19:45:06;966;77;14;13;30;35;14. Feb;0.06;0;true;true;0;43;97;128;0;12. Mai;Apr 48;16;false;false;false;false;801C03C684454455238E030020082080002B88610004004908C11033B9;0;0;0;0;0;0;0;false;0;0;0;0;0;0;0;
10.12.2023 00:00;19:45:08;921;77;14;13;30;37;14. Feb;0.06;0;true;true;0;43;97;128;0;12. Mai;Apr 48;16;false;false;false;false;801C039984454455258E030020082080002B88610004004908C11033B9;0;0;0;0;0;0;0;false;0;0;0;0;0;0;0;
10.12.2023 00:00;19:45:08;952;77;14;13;30;37;14. Feb;0.06;0;true;true;0;43;97;128;0;10. Mai;Apr 48;16;false;false;false;false;801C03B884454455258E030020082080002B8861001C004508C11033B9;0;0;0;0;0;0;0;false;0;0;0;0;0;0;0;
10.12.2023 00:00;19:45:10;953;77;14;13;30;37;14. Feb;0.06;0;true;true;0;43;96;128;0;12;Apr 48;16;false;false;false;false;801C03B984454455258E030020082080002B88600010004808C11033B9;0;0;0;0;0;0;0;false;0;0;0;0;0;0;0;
10.12.2023;19:45:12.018;968;77;14;13;30;34;14. Feb;0.06;0;true;true;0;43;96;128;0;16;Apr 48;16;false;false;false;false;801C03C884454455228E030020082080002B88600014005008C11033B9;0;0;0;0;0;0;0;false;0;0;0;0;0;0;0;
10.12.2023 00:00;19:45:13;981;77;14;13;30;34;14. Feb;0.06;0;true;true;0;43;95;128;0;12. Mai;Apr 48;16;false;false;false;false;801C03D584454455228E030020082080002B885F0000004908C11033B9;0;0;0;0;0;0;0;false;0;0;0;0;0;0;0;
10.12.2023;19:45:14.015;965;77;14;13;30;34;14. Feb;0.06;0;true;true;0;43;95;128;0;12. Mai;Apr 48;16;false;false;false;false;801C03C584454455228E030020082080002B885F0004004908C11033B9;0;0;0;0;0;0;0;false;0;0;0;0;0;0;0;
10.12.2023 00:00;19:45:15;959;77;14;13;30;34;14. Feb;0.06;0;true;true;0;43;95;128;0;11. Mai;Apr 48;16;false;false;false;false;801C03BF84454455228E030020082080002B885F0014004708C11033B9;0;0;0;0;0;0;0;false;0;0;0;0;0;0;0;
10.12.2023 00:00;19:45:17;976;77;14;13;30;34;14. Feb;0.06;0;true;true;0;43;95;128;0;12;Apr 48;16;false;false;false;false;801C03D084454455228E030020082080002B885F0010004808C11033B9;0;0;0;0;0;0;0;false;0;0;0;0;0;0;0;
10.12.2023 00:00;19:45:18;1001;76;14;13;30;50;14. Feb;0.06;0;true;true;0;43;92;128;0;4;Apr 48;16;false;false;false;false;801C03E983454455328E030020082080002B885C00A8003808C11033B9;0;0;0;0;0;0;0;false;0;0;0;0;0;0;0;
10.12.2023 00:00;19:45:19;1036;76;14;13;30;82;14. Feb;0.06;0;true;true;0;43;88;128;0;4;Apr 48;16;false;false;false;false;801C040C83454455528E030020082080002B8858009C003808C11033B9;0;0;0;0;0;0;0;false;0;0;0;0;0;0;0;
10.12.2023 00:00;19:45:20;1899;76;14;13;30;65;14. Jan;0.06;0;true;true;0;43;4;384;0;17;Apr 48;16;false;false;false;false;801C076B83454455418D030020082080002B880401FC005208C11033B9;0;0;0;0;0;0;0;false;0;0;0;0;0;0;0;
10.12.2023 00:00;19:45:22;2050;76;14;13;30;62;14. Feb;0.06;0;true;true;0;43;4;384;0;4;Apr 48;16;false;false;false;false;801C0802834544553E8E030020082080002B880401FC003808C11033B9;0;0;0;0;0;0;0;false;0;0;0;0;0;0;0;
10.12.2023;19:45:24.084;2120;76;14;13;30;48;14. Feb;0.06;0;true;true;0;43;4;384;0;17;Apr 48;16;false;false;false;false;801C084883454455308E030020082080002B880401FC005208C11033B9;0;0;0;0;0;0;0;false;0;0;0;0;0;0;0;
10.12.2023 00:00;19:45:24;1909;76;14;13;30;25;14. Feb;0.06;0;true;true;0;43;4;384;0;4;Apr 48;16;false;false;false;false;801C077583454455198E030020082080002B880401FC003808C11033B9;0;0;0;0;0;0;0;false;0;0;0;0;0;0;0;
10.12.2023;19:45:26.018;1052;76;14;13;30;37;14. Feb;0.06;0;true;true;0;43;4;128;0;08. Mai;Apr 48;16;false;false;false;false;801C041C83454455258E030020082080002B88040040004108C11033B9;0;0;0;0;0;0;0;false;0;0;0;0;0;0;0;
10.12.2023 00:00;19:45:27;1041;76;14;13;30;35;14. Feb;0.06;0;true;true;0;43;4;128;0;08. Mai;Apr 48;16;false;false;false;false;801C041183454455238E030020082080002B88040038004108C11033B9;0;0;0;0;0;0;0;false;0;0;0;0;0;0;0;
10.12.2023 00:00;19:45:29;1030;76;14;13;30;36;14. Feb;0.06;0;true;true;0;43;4;128;0;10;Apr 48;16;false;false;false;false;801C040683454455248E030020082080002B88040028004408C11033B9;0;0;0;0;0;0;0;false;0;0;0;0;0;0;0;
10.12.2023 00:00;19:45:29;1010;76;14;13;30;35;14. Feb;0.06;0;true;true;0;43;4;128;0;10. Mai;Apr 48;16;false;false;false;false;801C03F283454455238E030020082080002B88040014004508C11033B9;0;0;0;0;0;0;0;false;0;0;0;0;0;0;0;
10.12.2023 00:00;19:45:31;1023;76;14;13;30;35;14. Feb;0.06;0;true;true;0;43;4;128;0;09. Mai;Apr 48;16;false;false;false;false;801C03FF83454455238E030020082080002B88040030004308C11033B9;0;0;0;0;0;0;0;false;0;0;0;0;0;0;0;
10.12.2023 00:00;19:45:32;1013;76;14;13;30;37;14. Feb;0.06;0;true;true;0;43;4;128;0;6;Apr 48;16;false;false;false;false;801C03F583454455258E030020082080002B88040058003C08C11033B9;0;0;0;0;0;0;0;false;0;0;0;0;0;0;0;
10.12.2023 00:00;19:45:34;2443;76;14;13;30;66;14. Feb;0.06;0;true;true;0;43;4;384;0;13. Mai;Apr 48;16;false;false;false;false;801C098B83454455428E030020082080002B880401FC004B08C11033B9;0;0;0;0;0;0;0;false;0;0;0;0;0;0;0;
10.12.2023 00:00;19:45:34;1924;76;14;13;30;73;14. Feb;0.06;0;true;true;0;43;4;384;0;4;Apr 48;16;false;false;false;false;801C078483454455498E030020082080002B880401FC003808C11033B9;0;0;0;0;0;0;0;false;0;0;0;0;0;0;0;
10.12.2023 00:00;19:45:36;2121;76;14;13;30;72;14. Feb;0.06;0;true;true;0;43;4;384;0;4;Apr 48;16;false;false;false;false;801C084983454455488E030020082080002B880401FC003808C11033B9;0;0;0;0;0;0;0;false;0;0;0;0;0;0;0;
10.12.2023 00:00;19:45:38;2473;77;14;13;30;64;14. Feb;0.06;0;true;true;0;43;3;384;0;14;Apr 48;16;false;false;false;false;801C09A984454455408E030020082080002B880301FC004C08C11033B9;0;0;0;0;0;0;0;false;0;0;0;0;0;0;0;
10.12.2023;19:45:40.081;2042;77;14;13;30;69;14. Feb;0.06;0;true;true;0;43;3;384;0;17. Mai;Apr 48;16;false;false;false;false;801C07FA84454455458E030020082080002B880301FC005308C11033B9;0;0;0;0;0;0;0;false;0;0;0;0;0;0;0;
10.12.2023 00:00;19:45:41;1015;77;14;13;30;36;14. Feb;0.06;0;true;true;0;43;3;128;0;8;Apr 48;16;false;false;false;false;801C03F784454455248E030020082080002B88030048004008C11033B9;0;0;0;0;0;0;0;false;0;0;0;0;0;0;0;
10.12.2023 00:00;19:45:43;1018;77;14;13;30;37;14. Feb;0.06;0;true;true;0;43;3;128;0;07. Mai;Apr 48;16;false;false;false;false;801C03FA84454455258E030020082080002B88030040003F08C11033B9;0;0;0;0;0;0;0;false;0;0;0;0;0;0;0;
10.12.2023 00:00;19:45:44;1029;76;14;13;30;36;14. Feb;0.06;0;true;true;0;43;4;128;0;8;Apr 48;16;false;false;false;false;801C040583454455248E030020082080002B8804003C004008C11033B9;0;0;0;0;0;0;0;false;0;0;0;0;0;0;0;
10.12.2023 00:00;19:45:45;1033;76;14;13;30;36;14. Feb;0.06;0;true;true;0;43;4;128;0;07. Mai;Apr 48;16;false;false;false;false;801C040983454455248E030020082080002B8804003C003F08C11033B9;0;0;0;0;0;0;0;false;0;0;0;0;0;0;0;
10.12.2023 00:00;19:45:46;1020;76;14;13;30;36;14. Feb;0.06;0;true;true;0;43;4;128;0;10;Apr 48;16;false;false;false;false;801C03FC83454455248E030020082080002B88040024004408C11033B9;0;0;0;0;0;0;0;false;0;0;0;0;0;0;0;
10.12.2023 00:00;19:45:48;1029;76;14;13;30;37;14. Jan;0.06;0;true;true;0;43;4;128;0;10. Mai;Apr 48;16;false;false;false;false;801C040583454455258D030020082080002B8804001C004508C11033B9;0;0;0;0;0;0;0;false;0;0;0;0;0;0;0;
10.12.2023;19:45:50.021;996;77;14;13;30;37;14. Feb;0.06;0;true;true;0;43;3;128;0;08. Mai;Apr 48;16;false;false;false;false;801C03E484454455258E030020082080002B88030040004108C11033B9;0;0;0;0;0;0;0;false;0;0;0;0;0;0;0;
10.12.2023 00:00;19:45:50;1016;77;14;13;30;35;14. Feb;0.06;0;true;true;0;43;3;128;0;10;Apr 48;16;false;false;false;false;801C03F884454455238E030020082080002B88030028004408C11033B9;0;0;0;0;0;0;0;false;0;0;0;0;0;0;0;
10.12.2023;19:45:52.020;1009;77;14;13;30;38;14. Feb;0.06;0;true;true;0;43;3;128;0;9;Apr 48;16;false;false;false;false;801C03F184454455268E030020082080002B88030030004208C11033B9;0;0;0;0;0;0;0;false;0;0;0;0;0;0;0;
